Workbook

Sheet Candidate Database
A1: A
A2: 💡 This is your universal talent record. Log every person you speak to. Tag to a client in col U to auto-populate the Client Tracker.
A3: Cand ID | B3: Name | C3: Entered By | D3: Phone Number | E3: Role | F3: Sub Role | G3: Current Salary | H3: Expected Salary | I3: City | J3: Area (Mumbai) | K3: Gender | L3: Education Level | M3: Work Experience | N3: Source | O3: Candidate Tags | P3: Binge Screening Remarks | Q3: Notes | R3: CV Link | S3: Date of Entry | T3: Interview Date | U3: Assigned To Client
A4: =IF(B4="","","CAN-"&TEXT(1,"000")) -> CAN-001 | B4: Ajay Dahiya | C4: Hardik | D4: 95557 21081 | E4: General Manager | F4: Cluster | G4: 95k | H4: 120k | I4: Delhi | J4: Other | K4: Male | L4: Hotel Management | M4: More than 2 years | N4: LinkedIn | R4: Resume Ajay Dahiya (1) (2).pdf | S4: 46104 | T4: 46104 | U4: Speciality | W4: ARM | X4: LinkedIn | Z4: Mumbai
A5: =IF(B5="","","CAN-"&TEXT(2,"000")) -> CAN-002 | B5: Pushkaraj Gurav | C5: Mohit | D5: 9921511411 | E5: Captain | G5: 20k | H5: 25k | I5: Mumbai | J5: Other | K5: Male | L5: Hotel Management | M5: More than 2 years | N5: Reference from Candidate | R5: Pushkaraj Gurav_Resume.pdf | S5: 46104 | W5: Assistant Bartender | X5: Indeed | Z5: Delhi
A6: =IF(B6="","","CAN-"&TEXT(3,"000")) -> CAN-003 | B6: Chandan Das | C6: Mohit | D6: 7076785991 | E6: Steward | G6: 15k | H6: 20k | I6: Mumbai | J6: Kurla | K6: Male | L6: SSC | M6: 1-2 years | N6: Reference from Candidate | R6: chandan das new cv (2).pdf | S6: 46104 | W6: Assistant Front Office Manager | X6: Naukri | Z6: Bangalore
A7: =IF(B7="","","CAN-"&TEXT(4,"000")) -> CAN-004 | B7: Nishant Kadam | C7: Mohit | D7: 9820505290 | E7: Assistant Bartender | G7: 15k | H7: 20k | I7: Mumbai | J7: Bandra | K7: Male | L7: Graduate | M7: 1-2 years | N7: Reference from Candidate | R7: 8AC102DE-4769-4A96-B1B5-479780006D2C.pdf | S7: 46104 | W7: Assistant Manager | X7: Reference from Candidate | Z7: Hyderabad
A8: =IF(B8="","","CAN-"&TEXT(5,"000")) -> CAN-005 | B8: Prakash Pradhan | C8: Hardik | D8: 93150 95662 | E8: Head Chef | F8: Chinese | G8: 85k | H8: 100k | I8: Delhi | J8: VK | K8: Male | L8: Hotel Management | M8: More than 2 Years | N8: LinkedIn | R8: Prakash Chef cv new.pdf | S8: 46104 | T8: 46099 | U8: Speciality | W8: Assistant Outlet Manager | X8: Inbound | Z8: Pune
A9: =IF(B9="","","CAN-"&TEXT(6,"000")) -> CAN-006 | B9: Veeraj Kamath | C9: Hardik | D9: 91364 04715 | E9: RM | F9: Ops | G9: 60k++ | H9: 75k++ | I9: Goa | K9: Male | L9: Hotel Management | M9: More than 2 Years | N9: LinkedIn | R9: Veeraaj Kamath_Resume.pdf | S9: 46104 | T9: 46105 | U9: Milagro (SLH) | W9: Assistant Stores Manager | X9: WhatsApp | Z9: Goa
A10: =IF(B10="","","CAN-"&TEXT(7,"000")) -> CAN-007 | B10: Lakshita Shaw | C10: Edwin | D10: 7045441922 | E10: Steward | F10: FOH | G10: 15k | H10: 20k | I10: Mumbai | J10: Juhu | K10: Female | L10: HSC | M10: 6 months-1 year | N10: Reference from Candidate | Q10: Kinshuks Sister | R10: Lakshita Shaw.pdf | S10: 46104 | T10: 46105 | U10: Hunger Inc | W10: Asst Cafe Manager | X10: Other | Z10: Chennai
A11: =IF(B11="","","CAN-"&TEXT(8,"000")) -> CAN-008 | B11: Akhil Chavan | C11: Edwin | D11: 9948536523 | E11: Bartender | F11: FOH | G11: 25k | H11: 30k | I11: Hyderabad | J11: Hyderabad | K11: Male | L11: Hotel Management | M11: More than 2 Years | N11: Indeed | R11: Akhil Chavan.pdf | S11: 46105 | T11: 46105 | U11: Izumi | W11: Bar Lead | Z11: Kolkata
A12: =IF(B12="","","CAN-"&TEXT(9,"000")) -> CAN-009 | B12: Saurabh Vegurlekar | C12: Edwin | D12: 8369205538 | E12: Head Chef | F12: BOH | G12: 94k | H12: 1LPM | I12: Mumbai | J12: Mumbai | K12: Male | L12: Hotel Management | M12: More than 2 Years | N12: Reference from Candidate | R12: Saurabh V Resume.pdf | S12: 46105 | W12: Bar Manager | Z12: Ahmedabad
A13: =IF(B13="","","CAN-"&TEXT(10,"000")) -> CAN-010 | B13: Mousumi Behera | C13: Edwin | D13: 9635739447 | E13: GRE | F13: BOH | G13: 25k | H13: 27k | I13: Mumbai | J13: Mumbai | K13: Female | L13: Graduate | M13: 6 months-1 year | N13: Reference from Candidate | W13: Bar Supervisor | Z13: Jaipur
A14: =IF(B14="","","CAN-"&TEXT(11,"000")) -> CAN-011 | B14: Moin Pawar | C14: Mohit | D14: 8779074429 | E14: Barista | G14: 18k | H14: 22k | I14: Mumbai | J14: Wasala | K14: Male | L14: HSC | M14: More than 2 years | N14: Reference from Candidate | R14: Moidin Resume-1.pdf | S14: 46106 | U14: Blondie | W14: Barback | Z14: Other
A15: =IF(B15="","","CAN-"&TEXT(12,"000")) -> CAN-012 | B15: Rohan Vagale | C15: Mohit | D15: 7208748204 | E15: Sales | H15: 80k | I15: Mumbai | J15: Other | K15: Male | L15: Hotel Management | M15: More than 2 years | N15: Reference from Candidate | R15: Rohan Vajale Updated CV.pdf | S15: 46106 | W15: Barista
A16: =IF(B16="","","CAN-"&TEXT(13,"000")) -> CAN-013 | B16: Aakash Pandey | C16: Hardik | E16: RM | F16: FOH | G16: 35k | H16: 45k | I16: Goa | K16: Male | L16: Hospitality Graduate | M16: More than 2 years | N16: LinkedIn | S16: 46104 | U16: Milagro (SLH) | W16: Barista Head
A17: =IF(B17="","","CAN-"&TEXT(14,"000")) -> CAN-014 | B17: Farhan | C17: Edwin | E17: Senior CDP | F17: Bartender | G17: 20k | I17: Pune | N17: LinkedIn | S17: 46101 | U17: Slink and Bardot | V17: Blondie | W17: Barista Trainer
A18: =IF(B18="","","CAN-"&TEXT(ROW()-3,"000")) -> CAN-015 | B18: Sandarbh Vishwakarma | C18: Hardik | D18: 7491 973 455 | E18: Head Chef | F18: HeadChef | G18: 110k | H18: 120k | I18: Mumbai | K18: Male | L18: Hospitality Graduate | M18: More than 2 Years | N18: LinkedIn | R18: Sandarbh vishwa europass cv (1).pdf | S18: 46104 | U18: Speciality | V18: Circa 11 | W18: Bartender
A19: =IF(B19="","","CAN-"&TEXT(ROW()-3,"000")) -> CAN-016 | B19: Vinay Nair | C19: Aakash | D19: 9004275980 | E19: Commi | F19: Commi 1/2 | I19: Mumbai | J19: TIlak Nagar | K19: Male | L19: Culinary Graduate | M19: 1-2 years | N19: WhatsApp | R19: Vinay Nair CV_SSW.pdf | S19: 46104 | U19: Donmai | V19: CocoCart | W19: CDP
A20: =IF(B20="","","CAN-"&TEXT(ROW()-3,"000")) -> CAN-017 | B20: Aaghaz Khan | C20: Hardik | D20: 70458 96269 | E20: Head Chef | F20: HeadChef | G20: 120k | H20: 150k | I20: Mumbai | J20: western line | K20: Male | L20: Hotel Management | M20: More than 2 years | N20: LinkedIn | R20: Aaghaz Khan.pdf | S20: 46104 | T20: 46099 | U20: EDD | V20: DU Hospitality | W20: CRM
A21: =IF(B21="","","CAN-"&TEXT(ROW()-3,"000")) -> CAN-018 | B21: Laxman Singh | C21: Hardik | D21: 91376 88461 | E21: Senior Bartender | F21: Bar Sup | G21: 26k | H21: 28k | I21: Mumbai | J21: Other | K21: Male | L21: Hotel Management | M21: More than 2 years | N21: LinkedIn | R21: DOC-20260306-WA0007..docx | S21: 46104 | T21: 46099 | U21: La Loca Maria | V21: Diva | W21: Cafe Manager
A22: =IF(B22="","","CAN-"&TEXT(ROW()-3,"000")) -> CAN-019 | B22: Ajay Kumar Siotra | C22: Hardik | D22: 7006197770 | E22: Head Chef | F22: Head Chef | G22: 110k | H22: 130k | I22: Delhi | J22: Other | K22: Male | L22: Hotel Management | M22: More than 2 years | N22: LinkedIn | R22: ajay kumar cv brand chef.pdf | S22: 46104 | T22: 46106 | U22: Milagro (SLH) | V22: Donmai | W22: Cafe Supervisor
A23: =IF(B23="","","CAN-"&TEXT(20,"000")) -> CAN-020 | B23: Gaurav Renuse | C23: Aakash | D23: 8975185523 | E23: F&B Associate | F23: F&B Associate | I23: Pune | J23: Other | K23: Male | L23: Hotel Management | M23: More than 2 years | N23: LinkedIn | Q23: Need to speak to him | R23: resume 4.docx.pdf | S23: 46104 | V23: Doppler | W23: Captain
A24: =IF(B24="","","CAN-"&TEXT(21,"000")) -> CAN-021 | B24: Hitiksha Jadhav | C24: Manu | D24: 703913704 | E24: Asst Cafe Manager | G24: 30k | H24: 35k | I24: Mumbai | J24: Malad | K24: Female | L24: Graduate | M24: More than 2 years | N24: Reference from Candidate | R24: Simple Professional CV Resume_20241125_205305_0000 (2).pdf | S24: 46104 | U24: Blondie | V24: Dough and Joe | W24: Cashier
A25: =IF(B25="","","CAN-"&TEXT(22,"000")) -> CAN-022 | B25: Atish Bhalera | C25: Aakash | D25: 90826 66795 | E25: Kitchen Helper | F25: Team member | I25: Mumbai | J25: Panvel | K25: Male | L25: 12th Pass | M25: 0-6 Months | N25: Indeed | Q25: Went for training, salary offered was too low | R25: CVAtishBhalerao.pdf | S25: 46104 | T25: 46105 | U25: HNH Salad | V25: EDD | W25: Chef
A26: =IF(B26="","","CAN-"&TEXT(23,"000")) -> CAN-023 | B26: Raushan Kumar | C26: Hardik | E26: Captain | F26: FOH | G26: 22k | H26: 24k | I26: Goa | J26: Other | K26: Male | L26: Hospitality Graduate | M26: More than 2 years | N26: LinkedIn | Q26: Sent to client. | S26: 46104 | T26: 46105 | U26: Milagro (SLH) | V26: FHPL | W26: Commi
A27: =IF(B27="","","CAN-"&TEXT(24,"000")) -> CAN-024 | B27: Omkar Shinde | C27: Aakash | D27: 9152070753 | E27: Senior Barista | F27: Barista | G27: 25k | I27: Mumbai | J27: Chunabhatti | K27: Male | L27: Diploma | M27: More than 2 years | N27: Indeed | R27: CV_Omkar Shinde.pdf | S27: 46105 | U27: Blondie | V27: Flavour Pots | W27: Commi 1
A28: =IF(B28="","","CAN-"&TEXT(25,"000")) -> CAN-025 | B28: Aditi Zaware | C28: Aakash | D28: 9226378468 | E28: Kitchen Helper | F28: Team member | I28: Mumbai | J28: Cuffe Parade | K28: Female | L28: 12th Pass | M28: 0-6 Months | N28: Other | R28: Aditi Zaware_Resume_Apna.pdf | S28: 46105 | V28: Food Square | W28: Commi 2
A29: =IF(B29="","","CAN-"&TEXT(26,"000")) -> CAN-026 | B29: SHREYA DARWATKAR | C29: Aakash | D29: 9930534577 | E29: Commi | F29: Conti/ Garde manger | G29: 21k | I29: Mumbai | J29: Lower Parel | K29: Female | L29: Hotel management | M29: 6 months-1 year | N29: LinkedIn | R29: Shreya Darwatkar Resume.pdf | S29: 46105 | V29: Foodmatters | W29: Commi 3
A30: =IF(B30="","","CAN-"&TEXT(27,"000")) -> CAN-027 | B30: NENGBOI HAOKIP | C30: Aakash | D30: 8794512436 | E30: Hostess | F30: Hostess | G30: 25k++ | I30: Mumbai | K30: Female | L30: Diploma | M30: More than 2 years | N30: LinkedIn | R30: Nengboi Haokip.pdf | S30: 46105 | U30: Blondie | V30: Ghostkitchens | W30: Community Manager
A31: =IF(B31="","","CAN-"&TEXT(28,"000")) -> CAN-028 | B31: Vikash Kumar | C31: Aakash | D31: 6200467250 | E31: Captain | F31: Captain | G31: 22k | I31: Other | K31: Male | L31: Hotel management | M31: More than 2 years | N31: WhatsApp | Q31: Currently working in Ajmer | R31: DOC-20250502-WA0004..docx | S31: 46105 | U31: Doppler | V31: Gupta Brands | W31: Content Strategist
A32: =IF(B32="","","CAN-"&TEXT(29,"000")) -> CAN-029 | B32: Aquib Fayaz | C32: Aakash | D32: 9149787850 | E32: Barista | F32: barista | G32: 20k | I32: Delhi | K32: Male | L32: Graduate | M32: More than 2 years | N32: Indeed | R32: CVAAQIBFAYAZ.pdf | S32: 46105 | U32: Doppler | V32: Huddle and Score | W32: Counter Sales
A33: =IF(B33="","","CAN-"&TEXT(30,"000")) -> CAN-030 | B33: Rushikesh Chavan | C33: Aakash | D33: 8689885539 | E33: Junior Sous Chef | F33: Sous chef | G33: 50k++ | I33: Mumbai | K33: Male | L33: Hotel management | M33: More than 2 years | N33: Reference from Candidate | P33: Worked in Naar, Masque, HOM | R33: CV_2026032320525728.pdf | S33: 46105 | U33: Bare | V33: Hummingtree | W33: DCDP
A34: =IF(B34="","","CAN-"&TEXT(31,"000")) -> CAN-031 | B34: Mahinoor Sayyed | C34: Aakash | D34: 8291034856 | E34: Kitchen Helper | F34: Team member | G34: 20k | I34: Mumbai | J34: Byculla | K34: Female | L34: 12th Pass | M34: More than 2 years | N34: Other | R34: CV_Mahinoor.pdf | S34: 46105 | U34: Greengains | V34: Hunger Inc | W34: Data Analyst
A35: =IF(B35="","","CAN-"&TEXT(32,"000")) -> CAN-032 | B35: Firoj Khan | C35: Manu | D35: 77268 50299 | E35: Captain | F35: Captain | G35: 20k | H35: 25k | I35: Jaipur | K35: Male | L35: Hotel Management | M35: More than 2 years | N35: Reference from Candidate | R35: firoz_F&B_Resume_(2).pdf | S35: 46106 | V35: Idoru | W35: Director of Operations
A36: =IF(B36="","","CAN-"&TEXT(33,"000")) -> CAN-033 | B36: Aarti Jaiswar | C36: Edwin | D36: 8879194006 | E36: Senior GRE | G36: 24k | H36: 38k | I36: Mumbai | J36: Santacruz | K36: Male | L36: Graduate | M36: More than 2 years | N36: Reference from Candidate | R36: Aarti Jaiswar.pdf | S36: 46106 | U36: Izumi | V36: Ikai | W36: Duty Manager
A37: =IF(B37="","","CAN-"&TEXT(34,"000")) -> CAN-034 | B37: Utkarsh | C37: Hardik | D37: 7709783625 | E37: Steward | F37: FOH | G37: 14k | H37: 18k | I37: Mumbai | J37: Naigoan | K37: Male | L37: Hospitality Graduate | M37: More than 2 years | N37: LinkedIn | S37: 46106 | T37: 46108 | U37: Foodmatters | V37: Izumi | W37: EA
A38: =IF(B38="","","CAN-"&TEXT(35,"000")) -> CAN-035 | B38: Surendra Singh | C38: Manu | D38: 7455 999 377 | E38: captain | F38: FOH | G38: 22k | H38: 25k | I38: Delhi | K38: Male | L38: Graduate | M38: More than 2 Years | N38: Reference from Candidate | R38: ResumeSurendarSingh.pdf | V38: Izumi - GOA | W38: Executive Chef
A39: =IF(B39="","","CAN-"&TEXT(36,"000")) -> CAN-036 | B39: Indra Sunari | C39: Hardik | D39: 70578 87947 | E39: Executive Chef | F39: BOH | G39: 82k | H39: 90k | I39: Delhi | J39: Other | K39: Male | L39: Hospitality Graduate | M39: More than 2 years | N39: LinkedIn | S39: 46106 | T39: 46108 | U39: NIKO | V39: Kaia | W39: F&B Associate
A40: =IF(B40="","","CAN-"&TEXT(37,"000")) -> CAN-037 | B40: Imli Longchari | C40: Edwin | D40: 9819862357 | E40: Senior Bartender | F40: FOH | G40: 25k | H40: 35k | I40: Hyderabad | J40: Goa | K40: Male | L40: Graduate | M40: More than 2 years | N40: Indeed | R40: Imliakum Longchari.pdf | S40: 46106 | T40: 46107 | U40: Izumi | V40: Kohinoor Group | W40: F&B Controller
A41: =IF(B41="","","CAN-"&TEXT(38,"000")) -> CAN-038 | B41: Yash Dalvi | C41: Manu | D41: 99604 23857 | E41: Commi 1 | F41: BOH | G41: 20k | H41: 25k | I41: Mumbai | J41: Dombiavli | K41: Male | L41: Hotel Management | M41: More than 2 years | N41: Indeed | R41: ResumeYashDalvi (1).pdf | V41: La Loca Maria | W41: F&B Executive
A42: =IF(B42="","","CAN-"&TEXT(39,"000")) -> CAN-039 | B42: Priyanka Rajbhar | C42: Manu | D42: 98338 01971 | E42: GRE | F42: FOH | G42: 20k | H42: 25k | I42: Mumbai | J42: Thane | K42: Female | L42: Graduate | M42: More than 2 years | N42: Reference from Candidate | R42: ResumePRIYANKARAJBHAR.pdf | V42: Le 15 | W42: F&B Supervisor
A43: =IF(B43="","","CAN-"&TEXT(40,"000")) -> CAN-040 | B43: Vikas Kumar Jadhav | C43: Edwin | D43: 971 58 930 6823 | E43: Head Baker | F43: BOH | G43: 110k | H43: 120k | I43: Goa | J43: Other | K43: Male | L43: Hospitality Graduate | M43: More than 2 Years | N43: LinkedIn | S43: 46106 | T43: 46109 | V43: Malsons | W43: FOE
A44: =IF(B44="","","CAN-"&TEXT(41,"000")) -> CAN-041 | B44: Mihir Shirke | C44: Manu | D44: 93728 41592 | E44: Captain | F44: FOH | G44: 20k | H44: 25k | I44: Mumbai | J44: Dombivali | K44: Male | L44: Graduate | M44: More than 2 Years | N44: Reference from Candidate | R44: Cv Mihir (1) (1).PDF | S44: 46106 | V44: Mia Cucina | W44: Floor Supervisor
A45: =IF(B45="","","CAN-"&TEXT(42,"000")) -> CAN-042 | B45: Ishwar Tiwari | C45: Manu | D45: 86920 36359 | E45: Junior Bartender | F45: Bartender | G45: 22k | H45: 25k | I45: Mumbai | J45: Dahisar | K45: Male | L45: Graduate | M45: More than 2 years | N45: Reference from Candidate | R45: CV_2026032014160659.pdf | V45: Milagro (SLH) | W45: Front Desk
A46: =IF(B46="","","CAN-"&TEXT(43,"000")) -> CAN-043 | B46: Arpan | C46: Manu | D46: 86920 68514 | E46: DCDP | F46: BOH | G46: 25k | H46: 30k | I46: Mumbai | J46: Dahisar | K46: Male | L46: Hotel management | M46: More than 2 Years | N46: Reference from Candidate | R46: ResumeArpanChandanshiv (1) (2).pdf | V46: Monarch | W46: GRE
A47: =IF(B47="","","CAN-"&TEXT(44,"000")) -> CAN-044 | B47: Sahim Raza | C47: Aakash | D47: 7667651509 | E47: Captain | F47: FOH | G47: 35k | I47: Other | K47: Male | L47: Diploma | M47: More than 2 years | N47: Indeed | R47: CVSAHIMRAZA.pdf | S47: 46106 | U47: Izumi | V47: NOTO | W47: GRM
A48: =IF(B48="","","CAN-"&TEXT(45,"000")) -> CAN-045 | B48: Venkatesh Rathod | C48: Mohit | D48: 9372011204 | E48: Senior Barista | F48: FOH | G48: 34k | H48: 40k | I48: Mumbai | J48: Virar | K48: Male | L48: Hotel management | M48: More than 2 years | N48: Reference from Candidate | R48: WhatsApp Image 2026-03-25 at 5.31.21 PM.jpeg | S48: 46106 | T48: 46107 | U48: Blondie | V48: Neighbourhood | W48: General Manager
A49: =IF(B49="","","CAN-"&TEXT(46,"000")) -> CAN-046 | B49: Nayan Bhagit | C49: Mohit | D49: 8767069740 | E49: Barista | F49: FOH | G49: 26k | H49: 30k | I49: Mumbai | J49: Virar | K49: Male | L49: HSC | M49: More than 2 years | N49: Reference from Candidate | R49: Nayan_Bhagit_Final_Resume.pdf | S49: 46106 | T49: 46107 | U49: Blondie | V49: Nidhi and Mihir PR | W49: HK Supervisor
A50: =IF(B50="","","CAN-"&TEXT(47,"000")) -> CAN-047 | B50: Aditya Purohit | C50: Mohit | V50: Nova | W50: HR
A51: =IF(B51="","","CAN-"&TEXT(48,"000")) -> CAN-048 | B51: Saikumar Yatham | C51: Edwin | D51: 9047780946 | E51: Captain | F51: FOH | G51: Dubai Sal | H51: 35k | I51: Hyderabad | J51: Madhapur | K51: Male | L51: Hotel management | M51: More than 2 Years | N51: Indeed | R51: Saikumar Yatham.pdf | S51: 46107 | U51: Izumi | V51: Ohris hospitality | W51: HR Head
A52: =IF(B52="","","CAN-"&TEXT(49,"000")) -> CAN-049 | B52: Harish Eppapli | C52: Edwin | D52: 9870624156 | E52: RM | F52: FOH | G52: 40k++ | H52: 65k | I52: Mumbai | J52: Vikhroli | K52: Male | L52: Hotel Management | M52: More than 2 Years | N52: Inbound | R52: Harish Eppapali.pdf | S52: 46107 | U52: Izumi | V52: Olive | W52: HR Manager
A53: =IF(B53="","","CAN-"&TEXT(50,"000")) -> CAN-050 | B53: Dennis Hmangaizhzuala | C53: Edwin | D53: 6909546057 | E53: Captain | F53: FOH | G53: 26k | H53: 35k | I53: Hyderabad | K53: Male | L53: Hotel Management | M53: More than 2 Years | N53: Reference from Candidate | R53: DENNIS.pdf | S53: 46107 | U53: Izumi | V53: PSL | W53: Head Baker
A54: =IF(B54="","","CAN-"&TEXT(51,"000")) -> CAN-051 | B54: Heena Kadavadkar | C54: Edwin | D54: 8779044953 | E54: Other | F54: BOH | G54: 26k | H54: 26k | I54: Mumbai | J54: Bandra | K54: Female | L54: Hotel Management | M54: More than 2 Years | N54: Reference from Candidate | R54: Heena Khadvilkar.pdf | S54: 46107 | U54: PSL | V54: Pebble-Street | W54: Head Chef
A55: =IF(B55="","","CAN-"&TEXT(52,"000")) -> CAN-052 | B55: Mohan Kundu | C55: Hardik | D55: 95641 49564 | E55: Head Baker | F55: BOH | G55: 100k | H55: 110k | I55: Goa | J55: Goa | K55: Male | L55: Hotel Management | M55: More than 2 years | N55: LinkedIn | R55: Mohan Kundu.pdf | S55: 46107 | T55: 46111 | U55: Milagro (SLH) | V55: Quetz | W55: Head GRE
A56: =IF(B56="","","CAN-"&TEXT(53,"000")) -> CAN-053 | B56: Devesh Katkar | C56: Mohit | D56: 9082016887 | E56: Cafe Manager | F56: FOH | G56: 42k | H56: 50k | I56: Mumbai | J56: Malad | K56: Male | L56: HSC | M56: More than 2 Years | N56: Reference from Candidate | R56: Devesh Katkar -1.pdf | S56: 46107 | U56: Hunger Inc | V56: Red turtle | W56: Hostess
A57: =IF(B57="","","CAN-"&TEXT(54,"000")) -> CAN-054 | B57: Manoj Kumar | C57: Hardik | D57: 9354896567 | E57: Senior Captain | F57: FOH | G57: 25k | H57: 30k | I57: Goa | J57: other | K57: Male | L57: Hospitality Graduate | M57: More than 2 years | N57: LinkedIn | R57: Manoj Kumar Cv .pdf | S57: 46107 | T57: 46107 | U57: Milagro (SLH) | V57: Ritika & Co. | W57: Junior Bartender
A58: =IF(B58="","","CAN-"&TEXT(55,"000")) -> CAN-055 | B58: Vishvesh Koli | C58: Mohit | D58: 7715812893 | E58: Mixologist | F58: FOH | G58: 35k | H58: 50k | I58: Mumbai | J58: Navi Mumbai | K58: Male | L58: Hotel management | M58: More than 2 years | N58: Reference from Candidate | R58: Vishvesh_resume.pdf | S58: 46107 | U58: La Loca Maria | V58: Scarlett House | W58: Junior Sous Chef
A59: =IF(B59="","","CAN-"&TEXT(56,"000")) -> CAN-056 | B59: Nitin Chavan | C59: Manu | D59: 98338 25602 | V59: Shalimar | W59: Kitchen Helper
A60: =IF(B60="","","CAN-"&TEXT(57,"000")) -> CAN-057 | B60: Kiran More | C60: Mohit | D60: 8766891728 | E60: Cashier | F60: FOH | G60: 34k | H60: 40k | I60: Mumbai | J60: Virar | K60: Male | L60: HSC | M60: More than 2 years | N60: Reference from Candidate | R60: MR KIRAN MORE RESUME PDF 2025.pdf | S60: 46107 | V60: Shalimar Hotel | W60: Kitchen Supervisor
A61: =IF(B61="","","CAN-"&TEXT(58,"000")) -> CAN-058 | B61: Sameer Khan | C61: Aakash | D61: 8369929582 | E61: Captain | F61: Sr. GSA | G61: 26k | H61: 30k | I61: Mumbai | J61: Kurla | K61: Male | L61: Hotel Management | M61: 1-2 years | N61: Inbound | R61: Sameer Khan.pdf | S61: 46107 | U61: Blondie | V61: Silver Train | W61: L&D
A62: =IF(B62="","","CAN-"&TEXT(59,"000")) -> CAN-059 | B62: Akash Rathod | C62: Aakash | D62: 7385452322 | E62: Floor Supervisor | F62: Floor Supervisor | G62: 28k++ | I62: Mumbai | J62: Vasai | K62: Male | L62: 12th Pass | M62: More than 2 years | N62: Indeed | R62: Document-WPS Office.pdf | S62: 46107 | V62: Sivako | W62: Marketing Manager
A63: =IF(B63="","","CAN-"&TEXT(60,"000")) -> CAN-060 | B63: Onkar Shivgan | C63: Edwin | D63: 7506973573 | E63: Senior Captain | G63: 20k | H63: 25k | I63: Mumbai | J63: Dadar | K63: Male | L63: Hospitality Graduate | M63: More than 2 Years | N63: Reference from Candidate | R63: Onkar Shivgan.pdf | S63: 46107 | T63: 46106 | U63: Donmai | V63: Slink and Bardot | W63: Mixologist
A64: =IF(B64="","","CAN-"&TEXT(61,"000")) -> CAN-061 | B64: Prathamesh Keluskar | C64: Edwin | D64: 8850041086 | E64: General Manager | F64: Restaurant | I64: Mumbai | K64: Male | L64: Hotel Management | M64: More than 2 Years | N64: Reference from Candidate | P64: Lalits Reference | R64: Prathamesh Keluskar - GM.pdf | S64: 46108 | U64: True Palate | V64: Speciality | W64: OTA
A65: =IF(B65="","","CAN-"&TEXT(62,"000")) -> CAN-062 | B65: Ashlesha Vinde | C65: Edwin | D65: 9819361801 | E65: Captain | F65: Captain | G65: 23k | H65: 25k | I65: Mumbai | J65: Mahim | K65: Female | L65: Hotel Management | R65: Ashlesha Vinde.pdf | S65: 46108 | U65: La Loca Maria | V65: Splendour | W65: Operations Head
A66: =IF(B66="","","CAN-"&TEXT(63,"000")) -> CAN-063 | B66: Prathamesh Mane | C66: Aakash | D66: 8850199653 | E66: Commi 1 | F66: Conti | G66: 25k | H66: 30k | I66: Mumbai | K66: Male | L66: Hotel Management | M66: More than 2 years | N66: LinkedIn | Q66: Looking for DCDP | R66: Prathmesh-CV.pdf | S66: 46108 | V66: TAB | W66: Operations Manager
A67: =IF(B67="","","CAN-"&TEXT(64,"000")) -> CAN-064 | B67: Royce Dsouza | C67: Aakash | D67: 91722 79719 | E67: Steward | F67: FOH | G67: 10k | I67: Mumbai | J67: Vasai | K67: Male | L67: Diploma | M67: 1-2 years | N67: Indeed | R67: CVROYCEDSOUZA.pdf | S67: 46108 | T67: 46111 | U67: All In | V67: TAT | W67: Other
A68: =IF(B68="","","CAN-"&TEXT(65,"000")) -> CAN-065 | B68: Yogesh Kharat | C68: Aakash | D68: 9405051202 | E68: Steward | F68: FOH | G68: 22k | H68: 25k | I68: Mumbai | J68: Malad | K68: Male | L68: 12th Pass | M68: More than 2 Years | N68: Indeed | Q68: Hearing Impairment | R68: CVYogeshKharat.pdf | S68: 46108 | V68: The Hummingtree | W68: Outlet Manager
A69: =IF(B69="","","CAN-"&TEXT(66,"000")) -> CAN-066 | B69: Eesha Jhaveri | C69: Aakash | D69: 9819113882 | E69: Commi 3 | F69: Pastry | G69: 14k | H69: 18k | I69: Mumbai | J69: Kandivali | K69: Female | L69: Hotel management | M69: 1-2 years | N69: LinkedIn | R69: Eesha Resume.pdf | S69: 46108 | T69: 46111 | U69: Le 15 | V69: The Kin Hotel | W69: Outlet Supervisor
A70: =IF(B70="","","CAN-"&TEXT(67,"000")) -> CAN-067 | B70: Priyanshu Tripathi | C70: Aakash | D70: 8767402391 | E70: Captain | F70: Section lead | G70: 21k | H70: 25k | I70: Other | J70: nagpur | K70: Male | L70: Hotel management | M70: 1-2 years | N70: Indeed | R70: CVPRIYANSHUTripathi (1).pdf | S70: 46108 | U70: Speciality | V70: The Nest | W70: PR
A71: =IF(B71="","","CAN-"&TEXT(68,"000")) -> CAN-068 | B71: Versonna Cordaz | C71: Manu | D71: 85917 34230 | E71: Commi | F71: BOH | G71: 20k | H71: 25k | I71: Mumbai | J71: Mumbai | K71: Female | L71: Hotel Management | M71: 0-6 Months | N71: Reference from Candidate | O71: Pastry Fresher | R71: VANESSA RONNIE CARDOZ (2).pdf | V71: The Ranch | W71: PR Executive
A72: =IF(B72="","","CAN-"&TEXT(69,"000")) -> CAN-069 | B72: Nitin Gawade | C72: Manu | D72: 81080 97743 | E72: Assistant Stores Manager | F72: FOH | G72: 30k | H72: 35k | I72: Mumbai | J72: Chembur | K72: Male | L72: Graduate | M72: More than 2 Years | N72: Reference from Candidate | Q72: Candidate selected at BTC | R72: ResumeNitinGawade.docx | V72: Tropicool | W72: Packaging Assistant
A73: =IF(B73="","","CAN-"&TEXT(70,"000")) -> CAN-070 | B73: Nihal | C73: Manu | D73: 70452 38018 | E73: FOE | F73: FOH | G73: 20K | H73: 25K | I73: Mumbai | J73: Mumbai | K73: Male | L73: Hotel Management | M73: More than 2 years | N73: Reference from Candidate | Q73: Selected | R73: NIHAL-VERMA-Resume-1 (1).pdf | U73: Shalimar Hotel | V73: True palate | W73: Payroll
A74: =IF(B74="","","CAN-"&TEXT(71,"000")) -> CAN-071 | B74: Donald Doti | C74: Manu | D74: 86000 58561 | E74: Head Baker | F74: BOH | G74: 70K | H74: 90K | I74: Mumbai | J74: Borivali | K74: Male | L74: Hotel Management | M74: More than 2 years | N74: Reference from Candidate | R74: Donald Dodti-2-2 (3).pdf | U74: Blondie | V74: UGIPL | W74: Purchase
A75: =IF(B75="","","CAN-"&TEXT(72,"000")) -> CAN-072 | B75: Pravin Magar | C75: Manu | D75: 79 7774 0425 | E75: Bar Manager | F75: FOH | G75: 50k | H75: 70k | I75: Mumbai | J75: Andheri | K75: Male | L75: Hotel management | M75: More than 2 years | N75: Reference from Candidate | R75: resume_20250703_133228_0000 (9).pdf | U75: Blondie | V75: Zima | W75: QC
A76: =IF(B76="","","CAN-"&TEXT(73,"000")) -> CAN-073 | B76: Alina Rai | C76: Manu | D76: 91675 80220 | E76: F&B Executive | F76: FOH | G76: 25k | H76: 28k | I76: Mumbai | J76: Andheri | K76: Female | L76: Graduate | M76: More than 2 years | N76: Reference from Candidate | Q76: Selected | R76: Alina CV.docx | U76: CocoCart | V76: Niko | W76: RM
A77: =IF(B77="","","CAN-"&TEXT(74,"000")) -> CAN-074 | B77: Suman Barge | C77: Manu | D77: 95652 22061 | E77: Operations Manager | F77: FOH | G77: 70k | H77: 80k | I77: Mumbai | J77: Andheri | K77: Female | L77: Hotel management | M77: More than 2 years | N77: Reference from Candidate | R77: SUMAN BARGE Resume 2026 (1).pdf | U77: Kohinoor Group | V77: All in | W77: Receptionist
A78: =IF(B78="","","CAN-"&TEXT(75,"000")) -> CAN-075 | B78: Aman Feroz | C78: Manu | D78: 98203 60051 | E78: F&B Executive | F78: FOH | G78: 20K | H78: 28K | I78: Mumbai | J78: Borivali | K78: Male | L78: Hotel Management | M78: More than 2 years | N78: Reference from Candidate | Q78: Selected | U78: CocoCart | V78: HNH Salad | W78: Room Sales
A79: =IF(B79="","","CAN-"&TEXT(76,"000")) -> CAN-076 | B79: Hayder Sayed | C79: Manu | D79: 82914 35445 | E79: Barista Head | F79: FOH | G79: 20K | H79: 25K | I79: Mumbai | J79: Vashi | K79: Male | L79: Graduate | M79: More than 2 years | N79: Reference from Candidate | R79: HayderSayyedResume (1).pdf | U79: CocoCart | V79: Evren | W79: SCM Head
A80: =IF(B80="","","CAN-"&TEXT(77,"000")) -> CAN-077 | B80: Poonam | C80: Manu | D80: 8857921859 | E80: OTA | F80: BOH | G80: 30K | H80: 40K | I80: Mumbai | J80: Andheri | K80: Female | L80: Graduate | M80: More than 2 Years | N80: Reference from Candidate | R80: ResumePoonamMathurekar (2) (1).pdf | U80: Kohinoor Group | V80: SLH | W80: Sales
A81: =IF(B81="","","CAN-"&TEXT(78,"000")) -> CAN-078 | B81: Senpong Chuba | C81: Edwin | D81: 7640833810 | E81: Bartender | F81: FOH | G81: 22k | H81: 28k | I81: Bangalore | J81: Indira Nagar | K81: Male | L81: Graduate | M81: More than 2 Years | N81: Indeed | R81: Senpong Chuba - Bartender.pdf | S81: 46110 | U81: Circa 11 | V81: Greengains | W81: Senior Barista
A82: =IF(B82="","","CAN-"&TEXT(79,"000")) -> CAN-079 | B82: Ruthvik | C82: Edwin | D82: 8073174505 | E82: Senior Captain | F82: FOH | G82: 28k | H82: 32k | I82: Bangalore | J82: Indira Nagar | K82: Male | L82: Hotel management | M82: More than 2 Years | N82: Indeed | R82: Ruthvik.pdf | S82: 46110 | U82: Circa 11 | W82: Senior Bartender
A83: =IF(B83="","","CAN-"&TEXT(80,"000")) -> CAN-080 | B83: Ridhik Khati | C83: Edwin | D83: 7478712491 | E83: Senior Captain | F83: FOH | G83: 28k | H83: 32k | I83: Bangalore | J83: Indira Nagar | K83: Male | L83: Graduate | M83: More than 2 Years | N83: Indeed | R83: Ridhik Khati.pdf | S83: 46110 | U83: Circa 11 | W83: Senior CDP
A84: =IF(B84="","","CAN-"&TEXT(81,"000")) -> CAN-081 | B84: Om Salgaonkar | C84: Edwin | D84: 9833100262 | E84: Commi 1 | F84: Kitchen | G84: 21k | H84: 24k | I84: Mumbai | J84: Goregaon | K84: Male | L84: Hotel management | M84: More than 2 Years | N84: Inbound | R84: Om Salgaonkar.pdf | S84: 46110 | U84: La Loca Maria | W84: Senior Captain
A85: =IF(B85="","","CAN-"&TEXT(82,"000")) -> CAN-082 | B85: Baldeep Saluja | C85: Aakash | D85: 7061453968 | E85: CDP | F85: Kitchen | G85: 30k | H85: 35k | I85: Mumbai | J85: Other | K85: Male | L85: Hotel management | M85: More than 2 years | N85: LinkedIn | R85: Baldeep Singh Resume.pdf | S85: 46111 | U85: ABNAH | W85: Senior GRE
A86: =IF(B86="","","CAN-"&TEXT(83,"000")) -> CAN-083 | B86: Ronak Shetty | C86: Hardik | D86: 8451875150 | E86: Bar Manager | F86: FOH | G86: 42k++ | H86: 48k++ | I86: Goa | J86: Other | K86: Male | L86: Hotel Management | M86: More than 2 years | N86: LinkedIn | S86: 46112 | U86: SLH | W86: Senior Sous Chef
A87: =IF(B87="","","CAN-"&TEXT(84,"000")) -> CAN-084 | B87: Shijin | C87: Hardik | D87: 8137034129 | E87: Bartender | F87: FOH | G87: 20k++ | H87: 22K++ | I87: Goa | J87: Other | K87: Male | L87: Hotel Management | M87: 6 months-1 year | N87: LinkedIn | S87: 46112 | U87: SLH | W87: Senior Steward
A88: =IF(B88="","","CAN-"&TEXT(85,"000")) -> CAN-085 | B88: Kaushal Pandit | C88: Hardik | D88: 9326677029 | E88: Commi 1 | F88: BOH | G88: 20K++ | H88: 23k++ | I88: Mumbai | J88: Thane | K88: Male | L88: Hotel Management | M88: More than 2 years | N88: LinkedIn | S88: 46112 | U88: ABNAH | W88: Social Media Manager
A89: =IF(B89="","","CAN-"&TEXT(86,"000")) -> CAN-086 | B89: Rakesh Kumar | C89: Hardik | D89: 9289398517 | E89: Sous Chef | F89: BOH | G89: 45k++ | H89: 50k++ | I89: Delhi | J89: Vk | K89: Male | L89: Culinary Graduate | M89: More than 2 years | N89: LinkedIn | S89: 46112 | U89: Speciality | W89: Sommelier
A90: =IF(B90="","","CAN-"&TEXT(87,"000")) -> CAN-087 | B90: Sumit Salve | C90: Hardik | D90: 9309545357 | E90: Floor Supervisor | F90: FOH | G90: 28k++ | H90: 32k++ | I90: Mumbai | J90: Dombivali | K90: Male | L90: Hotel Management | M90: More than 2 years | N90: LinkedIn | S90: 46112 | U90: La Loca Maria | W90: Sous Chef
A91: =IF(B91="","","CAN-"&TEXT(88,"000")) -> CAN-088 | B91: Vinay Pasi | C91: Aakash | D91: 7021421546 | E91: Barista | F91: FOH | I91: Mumbai | J91: Worli | K91: Male | L91: Graduate | M91: 0-6 Months | N91: Indeed | R91: CVVinayPasi.pdf | S91: 46111 | W91: Sr. Duty Manager
A92: =IF(B92="","","CAN-"&TEXT(89,"000")) -> CAN-089 | B92: Ninoshka Satam | C92: Aakash | D92: 81085 95223 | E92: HR | F92: L&D | G92: 3.2k (pounds) | H92: 50-55k | I92: Mumbai | K92: Female | L92: Masters | M92: More than 2 years | N92: Indeed | R92: CVNinoshkaSatam.pdf | S92: 46112 | T92: 46120 | U92: Bastian | W92: Steward
A93: =IF(B93="","","CAN-"&TEXT(90,"000")) -> CAN-090 | B93: Abhishek Rawat | C93: Hardik | E93: DCDP | F93: WOK | G93: 25k++ | H93: 30k++ | I93: Pune | J93: KP | K93: Male | W93: Store Manager
A94: =IF(B94="","","CAN-"&TEXT(91,"000")) -> CAN-091 | B94: Sahil Shaikh | C94: Aakash | D94: 7208533236 | E94: HR | F94: Payroll | G94: 25k | H94: 30-35k | I94: Mumbai | J94: Mahim | K94: Male | L94: Graduate | M94: More than 2 years | N94: Indeed | R94: CVSahilShaikh.pdf | S94: 46111 | T94: 46115 | U94: Bastian | W94: Stores Manager
A95: =IF(B95="","","CAN-"&TEXT(92,"000")) -> CAN-092 | B95: Madhura Thanekar | C95: Mohit | D95: 8219091443 | E95: Commi 1 | F95: BOH | G95: 30k++ | H95: 40k | I95: Mumbai | J95: Thane | K95: Male | L95: Hotel management | M95: More than 2 years | N95: Reference from Candidate | R95: MADHURA THANEKAR - CV RESUME.pdf | S95: 46111 | U95: Le 15 | W95: Supervisor
A96: =IF(B96="","","CAN-"&TEXT(93,"000")) -> CAN-093 | B96: Vaishali Maurya | C96: Mohit | D96: 9029865492 | E96: Receptionist | F96: BOH | G96: 20k | H96: 25k | I96: Mumbai | J96: Virar | K96: Female | L96: Graduate | M96: 1-2 years | N96: Reference from Candidate | R96: Vaishali Ajay Maurya_CV-1.pdf | S96: 46111 | U96: Le 15 | W96: Supply Chain
A97: =IF(B97="","","CAN-"&TEXT(94,"000")) -> CAN-094 | B97: Trushank Hodar | C97: Mohit | D97: 7506655810 | E97: Bartender | F97: FOH | G97: 25K | I97: Mumbai | J97: Marine Lines | K97: Male | L97: Diploma | M97: More than 2 years | N97: Reference from Candidate | R97: NEW CV.docx TRUSHANK (2).docx | S97: 46111 | U97: Abnah | W97: Team Leader
A98: =IF(B98="","","CAN-"&TEXT(95,"000")) -> CAN-095 | B98: Karan Chauhan | C98: Mohit | D98: 7021028934 | E98: Senior Barista | F98: FOH | G98: 40k | H98: 50k | I98: Mumbai | J98: Badlapur | K98: Female | L98: Hotel management | M98: More than 2 years | N98: Reference from Candidate | R98: karan resume .pdf | S98: 46111 | U98: Blondie | W98: Trainee Captain
A99: =IF(B99="","","CAN-"&TEXT(96,"000")) -> CAN-096 | B99: Manish Singh | C99: Mohit | D99: 8879190802 | E99: Head Baker | F99: BOH | G99: 50K | H99: 70K | I99: Mumbai | J99: Mumbai | K99: Male | L99: Hotel management | M99: More than 2 years | N99: Reference from Candidate | R99: Manish_Singh_CV_Sous_Chef_Bakery_Pastry (1).pdf | S99: 46111 | U99: Blondie | W99: Training Manager
A100: =IF(B100="","","CAN-"&TEXT(97,"000")) -> CAN-097 | B100: Gautam Karmakar | C100: Mohit | D100: 6205002736 | E100: Purchase | F100: BOH | G100: 16k | H100: 18k | I100: Mumbai | J100: Worli | K100: Male | L100: Hotel management | M100: More than 2 years | N100: Reference from Candidate | R100: Cv maker_1774162513085.pdf | S100: 46111 | U100: Donmai | W100: Waiter
...

Sheet Client Tracker
A1: 📋 CLIENT TRACKER
A2: SELECT CLIENT → | C2: Bare | D2: 👆 Select a client → table auto-fills. Share this Google Sheet link (view only) with your client.
A4: =IF($C$2="","← Select a client from the dropdown to view their candidates","Showing "&COUNTIF('Candidate Database'!U4:U998,$C$2)&" candidate(s) for: "&$C$2) -> Showing 2 candidate(s) for: Bare | I4: Interview Pending | J4: ABNAH
A5: # | B5: Candidate Name | C5: Role | D5: Current Salary | E5: Expected Salary | F5: CV Link | G5: Binge Screening Remarks | H5: Status | I5: Result Pending | J5: Abhinav Immigration
A6: =IF(COUNTIF('Candidate Database'!U$4:U$998,$C$2)>=1,1,"") -> 1 | B6: =IFERROR(__xludf.DUMMYFUNCTION("IFERROR(INDEX(FILTER('Candidate Database'!B$4:B$998,'Candidate Database'!U$4:U$998=$C$2),1),"""")"),"Rushikesh Chavan") -> Rushikesh Chavan | C6: =IFERROR(__xludf.DUMMYFUNCTION("IFERROR(INDEX(FILTER('Candidate Database'!E$4:E$998,'Candidate Database'!U$4:U$998=$C$2),1),"""")"),"Junior Sous Chef") -> Junior Sous Chef | D6: =IFERROR(__xludf.DUMMYFUNCTION("IFERROR(INDEX(FILTER('Candidate Database'!G$4:G$998,'Candidate Database'!U$4:U$998=$C$2),1),"""")"),"50k++") -> 50k++ | E6: =IFERROR(__xludf.DUMMYFUNCTION("IFERROR(INDEX(FILTER('Candidate Database'!H$4:H$998,'Candidate Database'!U$4:U$998=$C$2),1),"""")"),"") | F6: =IFERROR(__xludf.DUMMYFUNCTION("IFERROR(INDEX(FILTER('Candidate Database'!R$4:R$998,'Candidate Database'!U$4:U$998=$C$2),1),"""")"),"CV_2026032320525728.pdf") -> CV_2026032320525728.pdf | G6: =IFERROR(__xludf.DUMMYFUNCTION("IFERROR(INDEX(FILTER('Candidate Database'!P$4:P$998,'Candidate Database'!U$4:U$998=$C$2),1),"""")"),"Worked in Naar, Masque, HOM") -> Worked in Naar, Masque, HOM | H6: Offer Pending | I6: Offer Pending | J6: Adarsh Sweets
A7: =IF(COUNTIF('Candidate Database'!U$4:U$998,$C$2)>=2,2,"") -> 2 | B7: =IFERROR(__xludf.DUMMYFUNCTION("IFERROR(INDEX(FILTER('Candidate Database'!B$4:B$998,'Candidate Database'!U$4:U$998=$C$2),2),"""")"),"Nikhil Tambe") -> Nikhil Tambe | C7: =IFERROR(__xludf.DUMMYFUNCTION("IFERROR(INDEX(FILTER('Candidate Database'!E$4:E$998,'Candidate Database'!U$4:U$998=$C$2),2),"""")"),"ARM") -> ARM | D7: =IFERROR(__xludf.DUMMYFUNCTION("IFERROR(INDEX(FILTER('Candidate Database'!G$4:G$998,'Candidate Database'!U$4:U$998=$C$2),2),"""")"),"35k") -> 35k | E7: =IFERROR(__xludf.DUMMYFUNCTION("IFERROR(INDEX(FILTER('Candidate Database'!H$4:H$998,'Candidate Database'!U$4:U$998=$C$2),2),"""")"),"45k") -> 45k | F7: =IFERROR(__xludf.DUMMYFUNCTION("IFERROR(INDEX(FILTER('Candidate Database'!R$4:R$998,'Candidate Database'!U$4:U$998=$C$2),2),"""")"),"Nikhil Tambe Resume.pdf") -> Nikhil Tambe Resume.pdf | G7: =IFERROR(__xludf.DUMMYFUNCTION("IFERROR(INDEX(FILTER('Candidate Database'!P$4:P$998,'Candidate Database'!U$4:U$998=$C$2),2),"""")"),"") | H7: Interview Pending | I7: Candidate Rejected | J7: Agarwal Biryani
A8: =IF(COUNTIF('Candidate Database'!U$4:U$998,$C$2)>=3,3,"") | B8: =IFERROR(__xludf.DUMMYFUNCTION("IFERROR(INDEX(FILTER('Candidate Database'!B$4:B$998,'Candidate Database'!U$4:U$998=$C$2),3),"""")"),"") | C8: =IFERROR(__xludf.DUMMYFUNCTION("IFERROR(INDEX(FILTER('Candidate Database'!E$4:E$998,'Candidate Database'!U$4:U$998=$C$2),3),"""")"),"") | D8: =IFERROR(__xludf.DUMMYFUNCTION("IFERROR(INDEX(FILTER('Candidate Database'!G$4:G$998,'Candidate Database'!U$4:U$998=$C$2),3),"""")"),"") | E8: =IFERROR(__xludf.DUMMYFUNCTION("IFERROR(INDEX(FILTER('Candidate Database'!H$4:H$998,'Candidate Database'!U$4:U$998=$C$2),3),"""")"),"") | F8: =IFERROR(__xludf.DUMMYFUNCTION("IFERROR(INDEX(FILTER('Candidate Database'!R$4:R$998,'Candidate Database'!U$4:U$998=$C$2),3),"""")"),"") | G8: =IFERROR(__xludf.DUMMYFUNCTION("IFERROR(INDEX(FILTER('Candidate Database'!P$4:P$998,'Candidate Database'!U$4:U$998=$C$2),3),"""")"),"") | H8: Interview Pending | I8: Candidate Dropped | J8: All in
A9: =IF(COUNTIF('Candidate Database'!U$4:U$998,$C$2)>=4,4,"") | B9: =IFERROR(__xludf.DUMMYFUNCTION("IFERROR(INDEX(FILTER('Candidate Database'!B$4:B$998,'Candidate Database'!U$4:U$998=$C$2),4),"""")"),"") | C9: =IFERROR(__xludf.DUMMYFUNCTION("IFERROR(INDEX(FILTER('Candidate Database'!E$4:E$998,'Candidate Database'!U$4:U$998=$C$2),4),"""")"),"") | D9: =IFERROR(__xludf.DUMMYFUNCTION("IFERROR(INDEX(FILTER('Candidate Database'!G$4:G$998,'Candidate Database'!U$4:U$998=$C$2),4),"""")"),"") | E9: =IFERROR(__xludf.DUMMYFUNCTION("IFERROR(INDEX(FILTER('Candidate Database'!H$4:H$998,'Candidate Database'!U$4:U$998=$C$2),4),"""")"),"") | F9: =IFERROR(__xludf.DUMMYFUNCTION("IFERROR(INDEX(FILTER('Candidate Database'!R$4:R$998,'Candidate Database'!U$4:U$998=$C$2),4),"""")"),"") | G9: =IFERROR(__xludf.DUMMYFUNCTION("IFERROR(INDEX(FILTER('Candidate Database'!P$4:P$998,'Candidate Database'!U$4:U$998=$C$2),4),"""")"),"") | H9: Interview Pending | J9: Aria Communication
A10: =IF(COUNTIF('Candidate Database'!U$4:U$998,$C$2)>=5,5,"") | B10: =IFERROR(__xludf.DUMMYFUNCTION("IFERROR(INDEX(FILTER('Candidate Database'!B$4:B$998,'Candidate Database'!U$4:U$998=$C$2),5),"""")"),"") | C10: =IFERROR(__xludf.DUMMYFUNCTION("IFERROR(INDEX(FILTER('Candidate Database'!E$4:E$998,'Candidate Database'!U$4:U$998=$C$2),5),"""")"),"") | D10: =IFERROR(__xludf.DUMMYFUNCTION("IFERROR(INDEX(FILTER('Candidate Database'!G$4:G$998,'Candidate Database'!U$4:U$998=$C$2),5),"""")"),"") | E10: =IFERROR(__xludf.DUMMYFUNCTION("IFERROR(INDEX(FILTER('Candidate Database'!H$4:H$998,'Candidate Database'!U$4:U$998=$C$2),5),"""")"),"") | F10: =IFERROR(__xludf.DUMMYFUNCTION("IFERROR(INDEX(FILTER('Candidate Database'!R$4:R$998,'Candidate Database'!U$4:U$998=$C$2),5),"""")"),"") | G10: =IFERROR(__xludf.DUMMYFUNCTION("IFERROR(INDEX(FILTER('Candidate Database'!P$4:P$998,'Candidate Database'!U$4:U$998=$C$2),5),"""")"),"") | H10: Interview Pending | J10: Atmosphere
A11: =IF(COUNTIF('Candidate Database'!U$4:U$998,$C$2)>=6,6,"") | B11: =IFERROR(__xludf.DUMMYFUNCTION("IFERROR(INDEX(FILTER('Candidate Database'!B$4:B$998,'Candidate Database'!U$4:U$998=$C$2),6),"""")"),"") | C11: =IFERROR(__xludf.DUMMYFUNCTION("IFERROR(INDEX(FILTER('Candidate Database'!E$4:E$998,'Candidate Database'!U$4:U$998=$C$2),6),"""")"),"") | D11: =IFERROR(__xludf.DUMMYFUNCTION("IFERROR(INDEX(FILTER('Candidate Database'!G$4:G$998,'Candidate Database'!U$4:U$998=$C$2),6),"""")"),"") | E11: =IFERROR(__xludf.DUMMYFUNCTION("IFERROR(INDEX(FILTER('Candidate Database'!H$4:H$998,'Candidate Database'!U$4:U$998=$C$2),6),"""")"),"") | F11: =IFERROR(__xludf.DUMMYFUNCTION("IFERROR(INDEX(FILTER('Candidate Database'!R$4:R$998,'Candidate Database'!U$4:U$998=$C$2),6),"""")"),"") | G11: =IFERROR(__xludf.DUMMYFUNCTION("IFERROR(INDEX(FILTER('Candidate Database'!P$4:P$998,'Candidate Database'!U$4:U$998=$C$2),6),"""")"),"") | H11: Interview Pending | J11: August Café
A12: =IF(COUNTIF('Candidate Database'!U$4:U$998,$C$2)>=7,7,"") | B12: =IFERROR(__xludf.DUMMYFUNCTION("IFERROR(INDEX(FILTER('Candidate Database'!B$4:B$998,'Candidate Database'!U$4:U$998=$C$2),7),"""")"),"") | C12: =IFERROR(__xludf.DUMMYFUNCTION("IFERROR(INDEX(FILTER('Candidate Database'!E$4:E$998,'Candidate Database'!U$4:U$998=$C$2),7),"""")"),"") | D12: =IFERROR(__xludf.DUMMYFUNCTION("IFERROR(INDEX(FILTER('Candidate Database'!G$4:G$998,'Candidate Database'!U$4:U$998=$C$2),7),"""")"),"") | E12: =IFERROR(__xludf.DUMMYFUNCTION("IFERROR(INDEX(FILTER('Candidate Database'!H$4:H$998,'Candidate Database'!U$4:U$998=$C$2),7),"""")"),"") | F12: =IFERROR(__xludf.DUMMYFUNCTION("IFERROR(INDEX(FILTER('Candidate Database'!R$4:R$998,'Candidate Database'!U$4:U$998=$C$2),7),"""")"),"") | G12: =IFERROR(__xludf.DUMMYFUNCTION("IFERROR(INDEX(FILTER('Candidate Database'!P$4:P$998,'Candidate Database'!U$4:U$998=$C$2),7),"""")"),"") | H12: Interview Pending | J12: Aures hospitality
A13: =IF(COUNTIF('Candidate Database'!U$4:U$998,$C$2)>=8,8,"") | B13: =IFERROR(__xludf.DUMMYFUNCTION("IFERROR(INDEX(FILTER('Candidate Database'!B$4:B$998,'Candidate Database'!U$4:U$998=$C$2),8),"""")"),"") | C13: =IFERROR(__xludf.DUMMYFUNCTION("IFERROR(INDEX(FILTER('Candidate Database'!E$4:E$998,'Candidate Database'!U$4:U$998=$C$2),8),"""")"),"") | D13: =IFERROR(__xludf.DUMMYFUNCTION("IFERROR(INDEX(FILTER('Candidate Database'!G$4:G$998,'Candidate Database'!U$4:U$998=$C$2),8),"""")"),"") | E13: =IFERROR(__xludf.DUMMYFUNCTION("IFERROR(INDEX(FILTER('Candidate Database'!H$4:H$998,'Candidate Database'!U$4:U$998=$C$2),8),"""")"),"") | F13: =IFERROR(__xludf.DUMMYFUNCTION("IFERROR(INDEX(FILTER('Candidate Database'!R$4:R$998,'Candidate Database'!U$4:U$998=$C$2),8),"""")"),"") | G13: =IFERROR(__xludf.DUMMYFUNCTION("IFERROR(INDEX(FILTER('Candidate Database'!P$4:P$998,'Candidate Database'!U$4:U$998=$C$2),8),"""")"),"") | J13: BB
A14: =IF(COUNTIF('Candidate Database'!U$4:U$998,$C$2)>=9,9,"") | B14: =IFERROR(__xludf.DUMMYFUNCTION("IFERROR(INDEX(FILTER('Candidate Database'!B$4:B$998,'Candidate Database'!U$4:U$998=$C$2),9),"""")"),"") | C14: =IFERROR(__xludf.DUMMYFUNCTION("IFERROR(INDEX(FILTER('Candidate Database'!E$4:E$998,'Candidate Database'!U$4:U$998=$C$2),9),"""")"),"") | D14: =IFERROR(__xludf.DUMMYFUNCTION("IFERROR(INDEX(FILTER('Candidate Database'!G$4:G$998,'Candidate Database'!U$4:U$998=$C$2),9),"""")"),"") | E14: =IFERROR(__xludf.DUMMYFUNCTION("IFERROR(INDEX(FILTER('Candidate Database'!H$4:H$998,'Candidate Database'!U$4:U$998=$C$2),9),"""")"),"") | F14: =IFERROR(__xludf.DUMMYFUNCTION("IFERROR(INDEX(FILTER('Candidate Database'!R$4:R$998,'Candidate Database'!U$4:U$998=$C$2),9),"""")"),"") | G14: =IFERROR(__xludf.DUMMYFUNCTION("IFERROR(INDEX(FILTER('Candidate Database'!P$4:P$998,'Candidate Database'!U$4:U$998=$C$2),9),"""")"),"") | H14: Interview Pending | J14: BTC
A15: =IF(COUNTIF('Candidate Database'!U$4:U$998,$C$2)>=10,10,"") | B15: =IFERROR(__xludf.DUMMYFUNCTION("IFERROR(INDEX(FILTER('Candidate Database'!B$4:B$998,'Candidate Database'!U$4:U$998=$C$2),10),"""")"),"") | C15: =IFERROR(__xludf.DUMMYFUNCTION("IFERROR(INDEX(FILTER('Candidate Database'!E$4:E$998,'Candidate Database'!U$4:U$998=$C$2),10),"""")"),"") | D15: =IFERROR(__xludf.DUMMYFUNCTION("IFERROR(INDEX(FILTER('Candidate Database'!G$4:G$998,'Candidate Database'!U$4:U$998=$C$2),10),"""")"),"") | E15: =IFERROR(__xludf.DUMMYFUNCTION("IFERROR(INDEX(FILTER('Candidate Database'!H$4:H$998,'Candidate Database'!U$4:U$998=$C$2),10),"""")"),"") | F15: =IFERROR(__xludf.DUMMYFUNCTION("IFERROR(INDEX(FILTER('Candidate Database'!R$4:R$998,'Candidate Database'!U$4:U$998=$C$2),10),"""")"),"") | G15: =IFERROR(__xludf.DUMMYFUNCTION("IFERROR(INDEX(FILTER('Candidate Database'!P$4:P$998,'Candidate Database'!U$4:U$998=$C$2),10),"""")"),"") | J15: Baesic Fit
A16: =IF(COUNTIF('Candidate Database'!U$4:U$998,$C$2)>=11,11,"") | B16: =IFERROR(__xludf.DUMMYFUNCTION("IFERROR(INDEX(FILTER('Candidate Database'!B$4:B$998,'Candidate Database'!U$4:U$998=$C$2),11),"""")"),"") | C16: =IFERROR(__xludf.DUMMYFUNCTION("IFERROR(INDEX(FILTER('Candidate Database'!E$4:E$998,'Candidate Database'!U$4:U$998=$C$2),11),"""")"),"") | D16: =IFERROR(__xludf.DUMMYFUNCTION("IFERROR(INDEX(FILTER('Candidate Database'!G$4:G$998,'Candidate Database'!U$4:U$998=$C$2),11),"""")"),"") | E16: =IFERROR(__xludf.DUMMYFUNCTION("IFERROR(INDEX(FILTER('Candidate Database'!H$4:H$998,'Candidate Database'!U$4:U$998=$C$2),11),"""")"),"") | F16: =IFERROR(__xludf.DUMMYFUNCTION("IFERROR(INDEX(FILTER('Candidate Database'!R$4:R$998,'Candidate Database'!U$4:U$998=$C$2),11),"""")"),"") | G16: =IFERROR(__xludf.DUMMYFUNCTION("IFERROR(INDEX(FILTER('Candidate Database'!P$4:P$998,'Candidate Database'!U$4:U$998=$C$2),11),"""")"),"") | J16: Bare
A17: =IF(COUNTIF('Candidate Database'!U$4:U$998,$C$2)>=12,12,"") | B17: =IFERROR(__xludf.DUMMYFUNCTION("IFERROR(INDEX(FILTER('Candidate Database'!B$4:B$998,'Candidate Database'!U$4:U$998=$C$2),12),"""")"),"") | C17: =IFERROR(__xludf.DUMMYFUNCTION("IFERROR(INDEX(FILTER('Candidate Database'!E$4:E$998,'Candidate Database'!U$4:U$998=$C$2),12),"""")"),"") | D17: =IFERROR(__xludf.DUMMYFUNCTION("IFERROR(INDEX(FILTER('Candidate Database'!G$4:G$998,'Candidate Database'!U$4:U$998=$C$2),12),"""")"),"") | E17: =IFERROR(__xludf.DUMMYFUNCTION("IFERROR(INDEX(FILTER('Candidate Database'!H$4:H$998,'Candidate Database'!U$4:U$998=$C$2),12),"""")"),"") | F17: =IFERROR(__xludf.DUMMYFUNCTION("IFERROR(INDEX(FILTER('Candidate Database'!R$4:R$998,'Candidate Database'!U$4:U$998=$C$2),12),"""")"),"") | G17: =IFERROR(__xludf.DUMMYFUNCTION("IFERROR(INDEX(FILTER('Candidate Database'!P$4:P$998,'Candidate Database'!U$4:U$998=$C$2),12),"""")"),"") | J17: Blondie
A18: =IF(COUNTIF('Candidate Database'!U$4:U$998,$C$2)>=13,13,"") | B18: =IFERROR(__xludf.DUMMYFUNCTION("IFERROR(INDEX(FILTER('Candidate Database'!B$4:B$998,'Candidate Database'!U$4:U$998=$C$2),13),"""")"),"") | C18: =IFERROR(__xludf.DUMMYFUNCTION("IFERROR(INDEX(FILTER('Candidate Database'!E$4:E$998,'Candidate Database'!U$4:U$998=$C$2),13),"""")"),"") | D18: =IFERROR(__xludf.DUMMYFUNCTION("IFERROR(INDEX(FILTER('Candidate Database'!G$4:G$998,'Candidate Database'!U$4:U$998=$C$2),13),"""")"),"") | E18: =IFERROR(__xludf.DUMMYFUNCTION("IFERROR(INDEX(FILTER('Candidate Database'!H$4:H$998,'Candidate Database'!U$4:U$998=$C$2),13),"""")"),"") | F18: =IFERROR(__xludf.DUMMYFUNCTION("IFERROR(INDEX(FILTER('Candidate Database'!R$4:R$998,'Candidate Database'!U$4:U$998=$C$2),13),"""")"),"") | G18: =IFERROR(__xludf.DUMMYFUNCTION("IFERROR(INDEX(FILTER('Candidate Database'!P$4:P$998,'Candidate Database'!U$4:U$998=$C$2),13),"""")"),"") | J18: Circa 11
A19: =IF(COUNTIF('Candidate Database'!U$4:U$998,$C$2)>=14,14,"") | B19: =IFERROR(__xludf.DUMMYFUNCTION("IFERROR(INDEX(FILTER('Candidate Database'!B$4:B$998,'Candidate Database'!U$4:U$998=$C$2),14),"""")"),"") | C19: =IFERROR(__xludf.DUMMYFUNCTION("IFERROR(INDEX(FILTER('Candidate Database'!E$4:E$998,'Candidate Database'!U$4:U$998=$C$2),14),"""")"),"") | D19: =IFERROR(__xludf.DUMMYFUNCTION("IFERROR(INDEX(FILTER('Candidate Database'!G$4:G$998,'Candidate Database'!U$4:U$998=$C$2),14),"""")"),"") | E19: =IFERROR(__xludf.DUMMYFUNCTION("IFERROR(INDEX(FILTER('Candidate Database'!H$4:H$998,'Candidate Database'!U$4:U$998=$C$2),14),"""")"),"") | F19: =IFERROR(__xludf.DUMMYFUNCTION("IFERROR(INDEX(FILTER('Candidate Database'!R$4:R$998,'Candidate Database'!U$4:U$998=$C$2),14),"""")"),"") | G19: =IFERROR(__xludf.DUMMYFUNCTION("IFERROR(INDEX(FILTER('Candidate Database'!P$4:P$998,'Candidate Database'!U$4:U$998=$C$2),14),"""")"),"") | J19: CocoCart
A20: =IF(COUNTIF('Candidate Database'!U$4:U$998,$C$2)>=15,15,"") | B20: =IFERROR(__xludf.DUMMYFUNCTION("IFERROR(INDEX(FILTER('Candidate Database'!B$4:B$998,'Candidate Database'!U$4:U$998=$C$2),15),"""")"),"") | C20: =IFERROR(__xludf.DUMMYFUNCTION("IFERROR(INDEX(FILTER('Candidate Database'!E$4:E$998,'Candidate Database'!U$4:U$998=$C$2),15),"""")"),"") | D20: =IFERROR(__xludf.DUMMYFUNCTION("IFERROR(INDEX(FILTER('Candidate Database'!G$4:G$998,'Candidate Database'!U$4:U$998=$C$2),15),"""")"),"") | E20: =IFERROR(__xludf.DUMMYFUNCTION("IFERROR(INDEX(FILTER('Candidate Database'!H$4:H$998,'Candidate Database'!U$4:U$998=$C$2),15),"""")"),"") | F20: =IFERROR(__xludf.DUMMYFUNCTION("IFERROR(INDEX(FILTER('Candidate Database'!R$4:R$998,'Candidate Database'!U$4:U$998=$C$2),15),"""")"),"") | G20: =IFERROR(__xludf.DUMMYFUNCTION("IFERROR(INDEX(FILTER('Candidate Database'!P$4:P$998,'Candidate Database'!U$4:U$998=$C$2),15),"""")"),"") | J20: DU Hospitality
A21: =IF(COUNTIF('Candidate Database'!U$4:U$998,$C$2)>=16,16,"") | B21: =IFERROR(__xludf.DUMMYFUNCTION("IFERROR(INDEX(FILTER('Candidate Database'!B$4:B$998,'Candidate Database'!U$4:U$998=$C$2),16),"""")"),"") | C21: =IFERROR(__xludf.DUMMYFUNCTION("IFERROR(INDEX(FILTER('Candidate Database'!E$4:E$998,'Candidate Database'!U$4:U$998=$C$2),16),"""")"),"") | D21: =IFERROR(__xludf.DUMMYFUNCTION("IFERROR(INDEX(FILTER('Candidate Database'!G$4:G$998,'Candidate Database'!U$4:U$998=$C$2),16),"""")"),"") | E21: =IFERROR(__xludf.DUMMYFUNCTION("IFERROR(INDEX(FILTER('Candidate Database'!H$4:H$998,'Candidate Database'!U$4:U$998=$C$2),16),"""")"),"") | F21: =IFERROR(__xludf.DUMMYFUNCTION("IFERROR(INDEX(FILTER('Candidate Database'!R$4:R$998,'Candidate Database'!U$4:U$998=$C$2),16),"""")"),"") | G21: =IFERROR(__xludf.DUMMYFUNCTION("IFERROR(INDEX(FILTER('Candidate Database'!P$4:P$998,'Candidate Database'!U$4:U$998=$C$2),16),"""")"),"") | J21: Diva
A22: =IF(COUNTIF('Candidate Database'!U$4:U$998,$C$2)>=17,17,"") | B22: =IFERROR(__xludf.DUMMYFUNCTION("IFERROR(INDEX(FILTER('Candidate Database'!B$4:B$998,'Candidate Database'!U$4:U$998=$C$2),17),"""")"),"") | C22: =IFERROR(__xludf.DUMMYFUNCTION("IFERROR(INDEX(FILTER('Candidate Database'!E$4:E$998,'Candidate Database'!U$4:U$998=$C$2),17),"""")"),"") | D22: =IFERROR(__xludf.DUMMYFUNCTION("IFERROR(INDEX(FILTER('Candidate Database'!G$4:G$998,'Candidate Database'!U$4:U$998=$C$2),17),"""")"),"") | E22: =IFERROR(__xludf.DUMMYFUNCTION("IFERROR(INDEX(FILTER('Candidate Database'!H$4:H$998,'Candidate Database'!U$4:U$998=$C$2),17),"""")"),"") | F22: =IFERROR(__xludf.DUMMYFUNCTION("IFERROR(INDEX(FILTER('Candidate Database'!R$4:R$998,'Candidate Database'!U$4:U$998=$C$2),17),"""")"),"") | G22: =IFERROR(__xludf.DUMMYFUNCTION("IFERROR(INDEX(FILTER('Candidate Database'!P$4:P$998,'Candidate Database'!U$4:U$998=$C$2),17),"""")"),"") | J22: Donmai
A23: =IF(COUNTIF('Candidate Database'!U$4:U$998,$C$2)>=18,18,"") | B23: =IFERROR(__xludf.DUMMYFUNCTION("IFERROR(INDEX(FILTER('Candidate Database'!B$4:B$998,'Candidate Database'!U$4:U$998=$C$2),18),"""")"),"") | C23: =IFERROR(__xludf.DUMMYFUNCTION("IFERROR(INDEX(FILTER('Candidate Database'!E$4:E$998,'Candidate Database'!U$4:U$998=$C$2),18),"""")"),"") | D23: =IFERROR(__xludf.DUMMYFUNCTION("IFERROR(INDEX(FILTER('Candidate Database'!G$4:G$998,'Candidate Database'!U$4:U$998=$C$2),18),"""")"),"") | E23: =IFERROR(__xludf.DUMMYFUNCTION("IFERROR(INDEX(FILTER('Candidate Database'!H$4:H$998,'Candidate Database'!U$4:U$998=$C$2),18),"""")"),"") | F23: =IFERROR(__xludf.DUMMYFUNCTION("IFERROR(INDEX(FILTER('Candidate Database'!R$4:R$998,'Candidate Database'!U$4:U$998=$C$2),18),"""")"),"") | G23: =IFERROR(__xludf.DUMMYFUNCTION("IFERROR(INDEX(FILTER('Candidate Database'!P$4:P$998,'Candidate Database'!U$4:U$998=$C$2),18),"""")"),"") | J23: Doppler
A24: =IF(COUNTIF('Candidate Database'!U$4:U$998,$C$2)>=19,19,"") | B24: =IFERROR(__xludf.DUMMYFUNCTION("IFERROR(INDEX(FILTER('Candidate Database'!B$4:B$998,'Candidate Database'!U$4:U$998=$C$2),19),"""")"),"") | C24: =IFERROR(__xludf.DUMMYFUNCTION("IFERROR(INDEX(FILTER('Candidate Database'!E$4:E$998,'Candidate Database'!U$4:U$998=$C$2),19),"""")"),"") | D24: =IFERROR(__xludf.DUMMYFUNCTION("IFERROR(INDEX(FILTER('Candidate Database'!G$4:G$998,'Candidate Database'!U$4:U$998=$C$2),19),"""")"),"") | E24: =IFERROR(__xludf.DUMMYFUNCTION("IFERROR(INDEX(FILTER('Candidate Database'!H$4:H$998,'Candidate Database'!U$4:U$998=$C$2),19),"""")"),"") | F24: =IFERROR(__xludf.DUMMYFUNCTION("IFERROR(INDEX(FILTER('Candidate Database'!R$4:R$998,'Candidate Database'!U$4:U$998=$C$2),19),"""")"),"") | G24: =IFERROR(__xludf.DUMMYFUNCTION("IFERROR(INDEX(FILTER('Candidate Database'!P$4:P$998,'Candidate Database'!U$4:U$998=$C$2),19),"""")"),"") | J24: Dough and Joe
A25: =IF(COUNTIF('Candidate Database'!U$4:U$998,$C$2)>=20,20,"") | B25: =IFERROR(__xludf.DUMMYFUNCTION("IFERROR(INDEX(FILTER('Candidate Database'!B$4:B$998,'Candidate Database'!U$4:U$998=$C$2),20),"""")"),"") | C25: =IFERROR(__xludf.DUMMYFUNCTION("IFERROR(INDEX(FILTER('Candidate Database'!E$4:E$998,'Candidate Database'!U$4:U$998=$C$2),20),"""")"),"") | D25: =IFERROR(__xludf.DUMMYFUNCTION("IFERROR(INDEX(FILTER('Candidate Database'!G$4:G$998,'Candidate Database'!U$4:U$998=$C$2),20),"""")"),"") | E25: =IFERROR(__xludf.DUMMYFUNCTION("IFERROR(INDEX(FILTER('Candidate Database'!H$4:H$998,'Candidate Database'!U$4:U$998=$C$2),20),"""")"),"") | F25: =IFERROR(__xludf.DUMMYFUNCTION("IFERROR(INDEX(FILTER('Candidate Database'!R$4:R$998,'Candidate Database'!U$4:U$998=$C$2),20),"""")"),"") | G25: =IFERROR(__xludf.DUMMYFUNCTION("IFERROR(INDEX(FILTER('Candidate Database'!P$4:P$998,'Candidate Database'!U$4:U$998=$C$2),20),"""")"),"") | J25: EDD
A26: =IF(COUNTIF('Candidate Database'!U$4:U$998,$C$2)>=21,21,"") | B26: =IFERROR(__xludf.DUMMYFUNCTION("IFERROR(INDEX(FILTER('Candidate Database'!B$4:B$998,'Candidate Database'!U$4:U$998=$C$2),21),"""")"),"") | C26: =IFERROR(__xludf.DUMMYFUNCTION("IFERROR(INDEX(FILTER('Candidate Database'!E$4:E$998,'Candidate Database'!U$4:U$998=$C$2),21),"""")"),"") | D26: =IFERROR(__xludf.DUMMYFUNCTION("IFERROR(INDEX(FILTER('Candidate Database'!G$4:G$998,'Candidate Database'!U$4:U$998=$C$2),21),"""")"),"") | E26: =IFERROR(__xludf.DUMMYFUNCTION("IFERROR(INDEX(FILTER('Candidate Database'!H$4:H$998,'Candidate Database'!U$4:U$998=$C$2),21),"""")"),"") | F26: =IFERROR(__xludf.DUMMYFUNCTION("IFERROR(INDEX(FILTER('Candidate Database'!R$4:R$998,'Candidate Database'!U$4:U$998=$C$2),21),"""")"),"") | G26: =IFERROR(__xludf.DUMMYFUNCTION("IFERROR(INDEX(FILTER('Candidate Database'!P$4:P$998,'Candidate Database'!U$4:U$998=$C$2),21),"""")"),"") | J26: FHPL
A27: =IF(COUNTIF('Candidate Database'!U$4:U$998,$C$2)>=22,22,"") | B27: =IFERROR(__xludf.DUMMYFUNCTION("IFERROR(INDEX(FILTER('Candidate Database'!B$4:B$998,'Candidate Database'!U$4:U$998=$C$2),22),"""")"),"") | C27: =IFERROR(__xludf.DUMMYFUNCTION("IFERROR(INDEX(FILTER('Candidate Database'!E$4:E$998,'Candidate Database'!U$4:U$998=$C$2),22),"""")"),"") | D27: =IFERROR(__xludf.DUMMYFUNCTION("IFERROR(INDEX(FILTER('Candidate Database'!G$4:G$998,'Candidate Database'!U$4:U$998=$C$2),22),"""")"),"") | E27: =IFERROR(__xludf.DUMMYFUNCTION("IFERROR(INDEX(FILTER('Candidate Database'!H$4:H$998,'Candidate Database'!U$4:U$998=$C$2),22),"""")"),"") | F27: =IFERROR(__xludf.DUMMYFUNCTION("IFERROR(INDEX(FILTER('Candidate Database'!R$4:R$998,'Candidate Database'!U$4:U$998=$C$2),22),"""")"),"") | G27: =IFERROR(__xludf.DUMMYFUNCTION("IFERROR(INDEX(FILTER('Candidate Database'!P$4:P$998,'Candidate Database'!U$4:U$998=$C$2),22),"""")"),"") | J27: Flavour Pots
A28: =IF(COUNTIF('Candidate Database'!U$4:U$998,$C$2)>=23,23,"") | B28: =IFERROR(__xludf.DUMMYFUNCTION("IFERROR(INDEX(FILTER('Candidate Database'!B$4:B$998,'Candidate Database'!U$4:U$998=$C$2),23),"""")"),"") | C28: =IFERROR(__xludf.DUMMYFUNCTION("IFERROR(INDEX(FILTER('Candidate Database'!E$4:E$998,'Candidate Database'!U$4:U$998=$C$2),23),"""")"),"") | D28: =IFERROR(__xludf.DUMMYFUNCTION("IFERROR(INDEX(FILTER('Candidate Database'!G$4:G$998,'Candidate Database'!U$4:U$998=$C$2),23),"""")"),"") | E28: =IFERROR(__xludf.DUMMYFUNCTION("IFERROR(INDEX(FILTER('Candidate Database'!H$4:H$998,'Candidate Database'!U$4:U$998=$C$2),23),"""")"),"") | F28: =IFERROR(__xludf.DUMMYFUNCTION("IFERROR(INDEX(FILTER('Candidate Database'!R$4:R$998,'Candidate Database'!U$4:U$998=$C$2),23),"""")"),"") | G28: =IFERROR(__xludf.DUMMYFUNCTION("IFERROR(INDEX(FILTER('Candidate Database'!P$4:P$998,'Candidate Database'!U$4:U$998=$C$2),23),"""")"),"") | J28: Food Square
A29: =IF(COUNTIF('Candidate Database'!U$4:U$998,$C$2)>=24,24,"") | B29: =IFERROR(__xludf.DUMMYFUNCTION("IFERROR(INDEX(FILTER('Candidate Database'!B$4:B$998,'Candidate Database'!U$4:U$998=$C$2),24),"""")"),"") | C29: =IFERROR(__xludf.DUMMYFUNCTION("IFERROR(INDEX(FILTER('Candidate Database'!E$4:E$998,'Candidate Database'!U$4:U$998=$C$2),24),"""")"),"") | D29: =IFERROR(__xludf.DUMMYFUNCTION("IFERROR(INDEX(FILTER('Candidate Database'!G$4:G$998,'Candidate Database'!U$4:U$998=$C$2),24),"""")"),"") | E29: =IFERROR(__xludf.DUMMYFUNCTION("IFERROR(INDEX(FILTER('Candidate Database'!H$4:H$998,'Candidate Database'!U$4:U$998=$C$2),24),"""")"),"") | F29: =IFERROR(__xludf.DUMMYFUNCTION("IFERROR(INDEX(FILTER('Candidate Database'!R$4:R$998,'Candidate Database'!U$4:U$998=$C$2),24),"""")"),"") | G29: =IFERROR(__xludf.DUMMYFUNCTION("IFERROR(INDEX(FILTER('Candidate Database'!P$4:P$998,'Candidate Database'!U$4:U$998=$C$2),24),"""")"),"") | J29: Foodmatters
A30: =IF(COUNTIF('Candidate Database'!U$4:U$998,$C$2)>=25,25,"") | B30: =IFERROR(__xludf.DUMMYFUNCTION("IFERROR(INDEX(FILTER('Candidate Database'!B$4:B$998,'Candidate Database'!U$4:U$998=$C$2),25),"""")"),"") | C30: =IFERROR(__xludf.DUMMYFUNCTION("IFERROR(INDEX(FILTER('Candidate Database'!E$4:E$998,'Candidate Database'!U$4:U$998=$C$2),25),"""")"),"") | D30: =IFERROR(__xludf.DUMMYFUNCTION("IFERROR(INDEX(FILTER('Candidate Database'!G$4:G$998,'Candidate Database'!U$4:U$998=$C$2),25),"""")"),"") | E30: =IFERROR(__xludf.DUMMYFUNCTION("IFERROR(INDEX(FILTER('Candidate Database'!H$4:H$998,'Candidate Database'!U$4:U$998=$C$2),25),"""")"),"") | F30: =IFERROR(__xludf.DUMMYFUNCTION("IFERROR(INDEX(FILTER('Candidate Database'!R$4:R$998,'Candidate Database'!U$4:U$998=$C$2),25),"""")"),"") | G30: =IFERROR(__xludf.DUMMYFUNCTION("IFERROR(INDEX(FILTER('Candidate Database'!P$4:P$998,'Candidate Database'!U$4:U$998=$C$2),25),"""")"),"") | J30: Ghostkitchens
A31: =IF(COUNTIF('Candidate Database'!U$4:U$998,$C$2)>=26,26,"") | B31: =IFERROR(__xludf.DUMMYFUNCTION("IFERROR(INDEX(FILTER('Candidate Database'!B$4:B$998,'Candidate Database'!U$4:U$998=$C$2),26),"""")"),"") | C31: =IFERROR(__xludf.DUMMYFUNCTION("IFERROR(INDEX(FILTER('Candidate Database'!E$4:E$998,'Candidate Database'!U$4:U$998=$C$2),26),"""")"),"") | D31: =IFERROR(__xludf.DUMMYFUNCTION("IFERROR(INDEX(FILTER('Candidate Database'!G$4:G$998,'Candidate Database'!U$4:U$998=$C$2),26),"""")"),"") | E31: =IFERROR(__xludf.DUMMYFUNCTION("IFERROR(INDEX(FILTER('Candidate Database'!H$4:H$998,'Candidate Database'!U$4:U$998=$C$2),26),"""")"),"") | F31: =IFERROR(__xludf.DUMMYFUNCTION("IFERROR(INDEX(FILTER('Candidate Database'!R$4:R$998,'Candidate Database'!U$4:U$998=$C$2),26),"""")"),"") | G31: =IFERROR(__xludf.DUMMYFUNCTION("IFERROR(INDEX(FILTER('Candidate Database'!P$4:P$998,'Candidate Database'!U$4:U$998=$C$2),26),"""")"),"") | J31: Gupta Brands
A32: =IF(COUNTIF('Candidate Database'!U$4:U$998,$C$2)>=27,27,"") | B32: =IFERROR(__xludf.DUMMYFUNCTION("IFERROR(INDEX(FILTER('Candidate Database'!B$4:B$998,'Candidate Database'!U$4:U$998=$C$2),27),"""")"),"") | C32: =IFERROR(__xludf.DUMMYFUNCTION("IFERROR(INDEX(FILTER('Candidate Database'!E$4:E$998,'Candidate Database'!U$4:U$998=$C$2),27),"""")"),"") | D32: =IFERROR(__xludf.DUMMYFUNCTION("IFERROR(INDEX(FILTER('Candidate Database'!G$4:G$998,'Candidate Database'!U$4:U$998=$C$2),27),"""")"),"") | E32: =IFERROR(__xludf.DUMMYFUNCTION("IFERROR(INDEX(FILTER('Candidate Database'!H$4:H$998,'Candidate Database'!U$4:U$998=$C$2),27),"""")"),"") | F32: =IFERROR(__xludf.DUMMYFUNCTION("IFERROR(INDEX(FILTER('Candidate Database'!R$4:R$998,'Candidate Database'!U$4:U$998=$C$2),27),"""")"),"") | G32: =IFERROR(__xludf.DUMMYFUNCTION("IFERROR(INDEX(FILTER('Candidate Database'!P$4:P$998,'Candidate Database'!U$4:U$998=$C$2),27),"""")"),"") | J32: Huddle and Score
A33: =IF(COUNTIF('Candidate Database'!U$4:U$998,$C$2)>=28,28,"") | B33: =IFERROR(__xludf.DUMMYFUNCTION("IFERROR(INDEX(FILTER('Candidate Database'!B$4:B$998,'Candidate Database'!U$4:U$998=$C$2),28),"""")"),"") | C33: =IFERROR(__xludf.DUMMYFUNCTION("IFERROR(INDEX(FILTER('Candidate Database'!E$4:E$998,'Candidate Database'!U$4:U$998=$C$2),28),"""")"),"") | D33: =IFERROR(__xludf.DUMMYFUNCTION("IFERROR(INDEX(FILTER('Candidate Database'!G$4:G$998,'Candidate Database'!U$4:U$998=$C$2),28),"""")"),"") | E33: =IFERROR(__xludf.DUMMYFUNCTION("IFERROR(INDEX(FILTER('Candidate Database'!H$4:H$998,'Candidate Database'!U$4:U$998=$C$2),28),"""")"),"") | F33: =IFERROR(__xludf.DUMMYFUNCTION("IFERROR(INDEX(FILTER('Candidate Database'!R$4:R$998,'Candidate Database'!U$4:U$998=$C$2),28),"""")"),"") | G33: =IFERROR(__xludf.DUMMYFUNCTION("IFERROR(INDEX(FILTER('Candidate Database'!P$4:P$998,'Candidate Database'!U$4:U$998=$C$2),28),"""")"),"") | J33: Hummingtree
A34: =IF(COUNTIF('Candidate Database'!U$4:U$998,$C$2)>=29,29,"") | B34: =IFERROR(__xludf.DUMMYFUNCTION("IFERROR(INDEX(FILTER('Candidate Database'!B$4:B$998,'Candidate Database'!U$4:U$998=$C$2),29),"""")"),"") | C34: =IFERROR(__xludf.DUMMYFUNCTION("IFERROR(INDEX(FILTER('Candidate Database'!E$4:E$998,'Candidate Database'!U$4:U$998=$C$2),29),"""")"),"") | D34: =IFERROR(__xludf.DUMMYFUNCTION("IFERROR(INDEX(FILTER('Candidate Database'!G$4:G$998,'Candidate Database'!U$4:U$998=$C$2),29),"""")"),"") | E34: =IFERROR(__xludf.DUMMYFUNCTION("IFERROR(INDEX(FILTER('Candidate Database'!H$4:H$998,'Candidate Database'!U$4:U$998=$C$2),29),"""")"),"") | F34: =IFERROR(__xludf.DUMMYFUNCTION("IFERROR(INDEX(FILTER('Candidate Database'!R$4:R$998,'Candidate Database'!U$4:U$998=$C$2),29),"""")"),"") | G34: =IFERROR(__xludf.DUMMYFUNCTION("IFERROR(INDEX(FILTER('Candidate Database'!P$4:P$998,'Candidate Database'!U$4:U$998=$C$2),29),"""")"),"") | J34: Hunger Inc
A35: =IF(COUNTIF('Candidate Database'!U$4:U$998,$C$2)>=30,30,"") | B35: =IFERROR(__xludf.DUMMYFUNCTION("IFERROR(INDEX(FILTER('Candidate Database'!B$4:B$998,'Candidate Database'!U$4:U$998=$C$2),30),"""")"),"") | C35: =IFERROR(__xludf.DUMMYFUNCTION("IFERROR(INDEX(FILTER('Candidate Database'!E$4:E$998,'Candidate Database'!U$4:U$998=$C$2),30),"""")"),"") | D35: =IFERROR(__xludf.DUMMYFUNCTION("IFERROR(INDEX(FILTER('Candidate Database'!G$4:G$998,'Candidate Database'!U$4:U$998=$C$2),30),"""")"),"") | E35: =IFERROR(__xludf.DUMMYFUNCTION("IFERROR(INDEX(FILTER('Candidate Database'!H$4:H$998,'Candidate Database'!U$4:U$998=$C$2),30),"""")"),"") | F35: =IFERROR(__xludf.DUMMYFUNCTION("IFERROR(INDEX(FILTER('Candidate Database'!R$4:R$998,'Candidate Database'!U$4:U$998=$C$2),30),"""")"),"") | G35: =IFERROR(__xludf.DUMMYFUNCTION("IFERROR(INDEX(FILTER('Candidate Database'!P$4:P$998,'Candidate Database'!U$4:U$998=$C$2),30),"""")"),"") | J35: Idoru
A36: =IF(COUNTIF('Candidate Database'!U$4:U$998,$C$2)>=31,31,"") | B36: =IFERROR(__xludf.DUMMYFUNCTION("IFERROR(INDEX(FILTER('Candidate Database'!B$4:B$998,'Candidate Database'!U$4:U$998=$C$2),31),"""")"),"") | C36: =IFERROR(__xludf.DUMMYFUNCTION("IFERROR(INDEX(FILTER('Candidate Database'!E$4:E$998,'Candidate Database'!U$4:U$998=$C$2),31),"""")"),"") | D36: =IFERROR(__xludf.DUMMYFUNCTION("IFERROR(INDEX(FILTER('Candidate Database'!G$4:G$998,'Candidate Database'!U$4:U$998=$C$2),31),"""")"),"") | E36: =IFERROR(__xludf.DUMMYFUNCTION("IFERROR(INDEX(FILTER('Candidate Database'!H$4:H$998,'Candidate Database'!U$4:U$998=$C$2),31),"""")"),"") | F36: =IFERROR(__xludf.DUMMYFUNCTION("IFERROR(INDEX(FILTER('Candidate Database'!R$4:R$998,'Candidate Database'!U$4:U$998=$C$2),31),"""")"),"") | G36: =IFERROR(__xludf.DUMMYFUNCTION("IFERROR(INDEX(FILTER('Candidate Database'!P$4:P$998,'Candidate Database'!U$4:U$998=$C$2),31),"""")"),"") | J36: Ikai
A37: =IF(COUNTIF('Candidate Database'!U$4:U$998,$C$2)>=32,32,"") | B37: =IFERROR(__xludf.DUMMYFUNCTION("IFERROR(INDEX(FILTER('Candidate Database'!B$4:B$998,'Candidate Database'!U$4:U$998=$C$2),32),"""")"),"") | C37: =IFERROR(__xludf.DUMMYFUNCTION("IFERROR(INDEX(FILTER('Candidate Database'!E$4:E$998,'Candidate Database'!U$4:U$998=$C$2),32),"""")"),"") | D37: =IFERROR(__xludf.DUMMYFUNCTION("IFERROR(INDEX(FILTER('Candidate Database'!G$4:G$998,'Candidate Database'!U$4:U$998=$C$2),32),"""")"),"") | E37: =IFERROR(__xludf.DUMMYFUNCTION("IFERROR(INDEX(FILTER('Candidate Database'!H$4:H$998,'Candidate Database'!U$4:U$998=$C$2),32),"""")"),"") | F37: =IFERROR(__xludf.DUMMYFUNCTION("IFERROR(INDEX(FILTER('Candidate Database'!R$4:R$998,'Candidate Database'!U$4:U$998=$C$2),32),"""")"),"") | G37: =IFERROR(__xludf.DUMMYFUNCTION("IFERROR(INDEX(FILTER('Candidate Database'!P$4:P$998,'Candidate Database'!U$4:U$998=$C$2),32),"""")"),"") | J37: Izumi
A38: =IF(COUNTIF('Candidate Database'!U$4:U$998,$C$2)>=33,33,"") | B38: =IFERROR(__xludf.DUMMYFUNCTION("IFERROR(INDEX(FILTER('Candidate Database'!B$4:B$998,'Candidate Database'!U$4:U$998=$C$2),33),"""")"),"") | C38: =IFERROR(__xludf.DUMMYFUNCTION("IFERROR(INDEX(FILTER('Candidate Database'!E$4:E$998,'Candidate Database'!U$4:U$998=$C$2),33),"""")"),"") | D38: =IFERROR(__xludf.DUMMYFUNCTION("IFERROR(INDEX(FILTER('Candidate Database'!G$4:G$998,'Candidate Database'!U$4:U$998=$C$2),33),"""")"),"") | E38: =IFERROR(__xludf.DUMMYFUNCTION("IFERROR(INDEX(FILTER('Candidate Database'!H$4:H$998,'Candidate Database'!U$4:U$998=$C$2),33),"""")"),"") | F38: =IFERROR(__xludf.DUMMYFUNCTION("IFERROR(INDEX(FILTER('Candidate Database'!R$4:R$998,'Candidate Database'!U$4:U$998=$C$2),33),"""")"),"") | G38: =IFERROR(__xludf.DUMMYFUNCTION("IFERROR(INDEX(FILTER('Candidate Database'!P$4:P$998,'Candidate Database'!U$4:U$998=$C$2),33),"""")"),"") | J38: Izumi - GOA
A39: =IF(COUNTIF('Candidate Database'!U$4:U$998,$C$2)>=34,34,"") | B39: =IFERROR(__xludf.DUMMYFUNCTION("IFERROR(INDEX(FILTER('Candidate Database'!B$4:B$998,'Candidate Database'!U$4:U$998=$C$2),34),"""")"),"") | C39: =IFERROR(__xludf.DUMMYFUNCTION("IFERROR(INDEX(FILTER('Candidate Database'!E$4:E$998,'Candidate Database'!U$4:U$998=$C$2),34),"""")"),"") | D39: =IFERROR(__xludf.DUMMYFUNCTION("IFERROR(INDEX(FILTER('Candidate Database'!G$4:G$998,'Candidate Database'!U$4:U$998=$C$2),34),"""")"),"") | E39: =IFERROR(__xludf.DUMMYFUNCTION("IFERROR(INDEX(FILTER('Candidate Database'!H$4:H$998,'Candidate Database'!U$4:U$998=$C$2),34),"""")"),"") | F39: =IFERROR(__xludf.DUMMYFUNCTION("IFERROR(INDEX(FILTER('Candidate Database'!R$4:R$998,'Candidate Database'!U$4:U$998=$C$2),34),"""")"),"") | G39: =IFERROR(__xludf.DUMMYFUNCTION("IFERROR(INDEX(FILTER('Candidate Database'!P$4:P$998,'Candidate Database'!U$4:U$998=$C$2),34),"""")"),"") | J39: Kaia
A40: =IF(COUNTIF('Candidate Database'!U$4:U$998,$C$2)>=35,35,"") | B40: =IFERROR(__xludf.DUMMYFUNCTION("IFERROR(INDEX(FILTER('Candidate Database'!B$4:B$998,'Candidate Database'!U$4:U$998=$C$2),35),"""")"),"") | C40: =IFERROR(__xludf.DUMMYFUNCTION("IFERROR(INDEX(FILTER('Candidate Database'!E$4:E$998,'Candidate Database'!U$4:U$998=$C$2),35),"""")"),"") | D40: =IFERROR(__xludf.DUMMYFUNCTION("IFERROR(INDEX(FILTER('Candidate Database'!G$4:G$998,'Candidate Database'!U$4:U$998=$C$2),35),"""")"),"") | E40: =IFERROR(__xludf.DUMMYFUNCTION("IFERROR(INDEX(FILTER('Candidate Database'!H$4:H$998,'Candidate Database'!U$4:U$998=$C$2),35),"""")"),"") | F40: =IFERROR(__xludf.DUMMYFUNCTION("IFERROR(INDEX(FILTER('Candidate Database'!R$4:R$998,'Candidate Database'!U$4:U$998=$C$2),35),"""")"),"") | G40: =IFERROR(__xludf.DUMMYFUNCTION("IFERROR(INDEX(FILTER('Candidate Database'!P$4:P$998,'Candidate Database'!U$4:U$998=$C$2),35),"""")"),"") | J40: Kohinoor Group
A41: =IF(COUNTIF('Candidate Database'!U$4:U$998,$C$2)>=36,36,"") | B41: =IFERROR(__xludf.DUMMYFUNCTION("IFERROR(INDEX(FILTER('Candidate Database'!B$4:B$998,'Candidate Database'!U$4:U$998=$C$2),36),"""")"),"") | C41: =IFERROR(__xludf.DUMMYFUNCTION("IFERROR(INDEX(FILTER('Candidate Database'!E$4:E$998,'Candidate Database'!U$4:U$998=$C$2),36),"""")"),"") | D41: =IFERROR(__xludf.DUMMYFUNCTION("IFERROR(INDEX(FILTER('Candidate Database'!G$4:G$998,'Candidate Database'!U$4:U$998=$C$2),36),"""")"),"") | E41: =IFERROR(__xludf.DUMMYFUNCTION("IFERROR(INDEX(FILTER('Candidate Database'!H$4:H$998,'Candidate Database'!U$4:U$998=$C$2),36),"""")"),"") | F41: =IFERROR(__xludf.DUMMYFUNCTION("IFERROR(INDEX(FILTER('Candidate Database'!R$4:R$998,'Candidate Database'!U$4:U$998=$C$2),36),"""")"),"") | G41: =IFERROR(__xludf.DUMMYFUNCTION("IFERROR(INDEX(FILTER('Candidate Database'!P$4:P$998,'Candidate Database'!U$4:U$998=$C$2),36),"""")"),"") | J41: La Loca Maria
A42: =IF(COUNTIF('Candidate Database'!U$4:U$998,$C$2)>=37,37,"") | B42: =IFERROR(__xludf.DUMMYFUNCTION("IFERROR(INDEX(FILTER('Candidate Database'!B$4:B$998,'Candidate Database'!U$4:U$998=$C$2),37),"""")"),"") | C42: =IFERROR(__xludf.DUMMYFUNCTION("IFERROR(INDEX(FILTER('Candidate Database'!E$4:E$998,'Candidate Database'!U$4:U$998=$C$2),37),"""")"),"") | D42: =IFERROR(__xludf.DUMMYFUNCTION("IFERROR(INDEX(FILTER('Candidate Database'!G$4:G$998,'Candidate Database'!U$4:U$998=$C$2),37),"""")"),"") | E42: =IFERROR(__xludf.DUMMYFUNCTION("IFERROR(INDEX(FILTER('Candidate Database'!H$4:H$998,'Candidate Database'!U$4:U$998=$C$2),37),"""")"),"") | F42: =IFERROR(__xludf.DUMMYFUNCTION("IFERROR(INDEX(FILTER('Candidate Database'!R$4:R$998,'Candidate Database'!U$4:U$998=$C$2),37),"""")"),"") | G42: =IFERROR(__xludf.DUMMYFUNCTION("IFERROR(INDEX(FILTER('Candidate Database'!P$4:P$998,'Candidate Database'!U$4:U$998=$C$2),37),"""")"),"") | J42: Le 15
A43: =IF(COUNTIF('Candidate Database'!U$4:U$998,$C$2)>=38,38,"") | B43: =IFERROR(__xludf.DUMMYFUNCTION("IFERROR(INDEX(FILTER('Candidate Database'!B$4:B$998,'Candidate Database'!U$4:U$998=$C$2),38),"""")"),"") | C43: =IFERROR(__xludf.DUMMYFUNCTION("IFERROR(INDEX(FILTER('Candidate Database'!E$4:E$998,'Candidate Database'!U$4:U$998=$C$2),38),"""")"),"") | D43: =IFERROR(__xludf.DUMMYFUNCTION("IFERROR(INDEX(FILTER('Candidate Database'!G$4:G$998,'Candidate Database'!U$4:U$998=$C$2),38),"""")"),"") | E43: =IFERROR(__xludf.DUMMYFUNCTION("IFERROR(INDEX(FILTER('Candidate Database'!H$4:H$998,'Candidate Database'!U$4:U$998=$C$2),38),"""")"),"") | F43: =IFERROR(__xludf.DUMMYFUNCTION("IFERROR(INDEX(FILTER('Candidate Database'!R$4:R$998,'Candidate Database'!U$4:U$998=$C$2),38),"""")"),"") | G43: =IFERROR(__xludf.DUMMYFUNCTION("IFERROR(INDEX(FILTER('Candidate Database'!P$4:P$998,'Candidate Database'!U$4:U$998=$C$2),38),"""")"),"") | J43: Malsons
A44: =IF(COUNTIF('Candidate Database'!U$4:U$998,$C$2)>=39,39,"") | B44: =IFERROR(__xludf.DUMMYFUNCTION("IFERROR(INDEX(FILTER('Candidate Database'!B$4:B$998,'Candidate Database'!U$4:U$998=$C$2),39),"""")"),"") | C44: =IFERROR(__xludf.DUMMYFUNCTION("IFERROR(INDEX(FILTER('Candidate Database'!E$4:E$998,'Candidate Database'!U$4:U$998=$C$2),39),"""")"),"") | D44: =IFERROR(__xludf.DUMMYFUNCTION("IFERROR(INDEX(FILTER('Candidate Database'!G$4:G$998,'Candidate Database'!U$4:U$998=$C$2),39),"""")"),"") | E44: =IFERROR(__xludf.DUMMYFUNCTION("IFERROR(INDEX(FILTER('Candidate Database'!H$4:H$998,'Candidate Database'!U$4:U$998=$C$2),39),"""")"),"") | F44: =IFERROR(__xludf.DUMMYFUNCTION("IFERROR(INDEX(FILTER('Candidate Database'!R$4:R$998,'Candidate Database'!U$4:U$998=$C$2),39),"""")"),"") | G44: =IFERROR(__xludf.DUMMYFUNCTION("IFERROR(INDEX(FILTER('Candidate Database'!P$4:P$998,'Candidate Database'!U$4:U$998=$C$2),39),"""")"),"") | J44: Mia Cucina
A45: =IF(COUNTIF('Candidate Database'!U$4:U$998,$C$2)>=40,40,"") | B45: =IFERROR(__xludf.DUMMYFUNCTION("IFERROR(INDEX(FILTER('Candidate Database'!B$4:B$998,'Candidate Database'!U$4:U$998=$C$2),40),"""")"),"") | C45: =IFERROR(__xludf.DUMMYFUNCTION("IFERROR(INDEX(FILTER('Candidate Database'!E$4:E$998,'Candidate Database'!U$4:U$998=$C$2),40),"""")"),"") | D45: =IFERROR(__xludf.DUMMYFUNCTION("IFERROR(INDEX(FILTER('Candidate Database'!G$4:G$998,'Candidate Database'!U$4:U$998=$C$2),40),"""")"),"") | E45: =IFERROR(__xludf.DUMMYFUNCTION("IFERROR(INDEX(FILTER('Candidate Database'!H$4:H$998,'Candidate Database'!U$4:U$998=$C$2),40),"""")"),"") | F45: =IFERROR(__xludf.DUMMYFUNCTION("IFERROR(INDEX(FILTER('Candidate Database'!R$4:R$998,'Candidate Database'!U$4:U$998=$C$2),40),"""")"),"") | G45: =IFERROR(__xludf.DUMMYFUNCTION("IFERROR(INDEX(FILTER('Candidate Database'!P$4:P$998,'Candidate Database'!U$4:U$998=$C$2),40),"""")"),"") | J45: Milagro (SLH)
A46: =IF(COUNTIF('Candidate Database'!U$4:U$998,$C$2)>=41,41,"") | B46: =IFERROR(__xludf.DUMMYFUNCTION("IFERROR(INDEX(FILTER('Candidate Database'!B$4:B$998,'Candidate Database'!U$4:U$998=$C$2),41),"""")"),"") | C46: =IFERROR(__xludf.DUMMYFUNCTION("IFERROR(INDEX(FILTER('Candidate Database'!E$4:E$998,'Candidate Database'!U$4:U$998=$C$2),41),"""")"),"") | D46: =IFERROR(__xludf.DUMMYFUNCTION("IFERROR(INDEX(FILTER('Candidate Database'!G$4:G$998,'Candidate Database'!U$4:U$998=$C$2),41),"""")"),"") | E46: =IFERROR(__xludf.DUMMYFUNCTION("IFERROR(INDEX(FILTER('Candidate Database'!H$4:H$998,'Candidate Database'!U$4:U$998=$C$2),41),"""")"),"") | F46: =IFERROR(__xludf.DUMMYFUNCTION("IFERROR(INDEX(FILTER('Candidate Database'!R$4:R$998,'Candidate Database'!U$4:U$998=$C$2),41),"""")"),"") | G46: =IFERROR(__xludf.DUMMYFUNCTION("IFERROR(INDEX(FILTER('Candidate Database'!P$4:P$998,'Candidate Database'!U$4:U$998=$C$2),41),"""")"),"") | J46: Monarch
A47: =IF(COUNTIF('Candidate Database'!U$4:U$998,$C$2)>=42,42,"") | B47: =IFERROR(__xludf.DUMMYFUNCTION("IFERROR(INDEX(FILTER('Candidate Database'!B$4:B$998,'Candidate Database'!U$4:U$998=$C$2),42),"""")"),"") | C47: =IFERROR(__xludf.DUMMYFUNCTION("IFERROR(INDEX(FILTER('Candidate Database'!E$4:E$998,'Candidate Database'!U$4:U$998=$C$2),42),"""")"),"") | D47: =IFERROR(__xludf.DUMMYFUNCTION("IFERROR(INDEX(FILTER('Candidate Database'!G$4:G$998,'Candidate Database'!U$4:U$998=$C$2),42),"""")"),"") | E47: =IFERROR(__xludf.DUMMYFUNCTION("IFERROR(INDEX(FILTER('Candidate Database'!H$4:H$998,'Candidate Database'!U$4:U$998=$C$2),42),"""")"),"") | F47: =IFERROR(__xludf.DUMMYFUNCTION("IFERROR(INDEX(FILTER('Candidate Database'!R$4:R$998,'Candidate Database'!U$4:U$998=$C$2),42),"""")"),"") | G47: =IFERROR(__xludf.DUMMYFUNCTION("IFERROR(INDEX(FILTER('Candidate Database'!P$4:P$998,'Candidate Database'!U$4:U$998=$C$2),42),"""")"),"") | J47: NOTO
A48: =IF(COUNTIF('Candidate Database'!U$4:U$998,$C$2)>=43,43,"") | B48: =IFERROR(__xludf.DUMMYFUNCTION("IFERROR(INDEX(FILTER('Candidate Database'!B$4:B$998,'Candidate Database'!U$4:U$998=$C$2),43),"""")"),"") | C48: =IFERROR(__xludf.DUMMYFUNCTION("IFERROR(INDEX(FILTER('Candidate Database'!E$4:E$998,'Candidate Database'!U$4:U$998=$C$2),43),"""")"),"") | D48: =IFERROR(__xludf.DUMMYFUNCTION("IFERROR(INDEX(FILTER('Candidate Database'!G$4:G$998,'Candidate Database'!U$4:U$998=$C$2),43),"""")"),"") | E48: =IFERROR(__xludf.DUMMYFUNCTION("IFERROR(INDEX(FILTER('Candidate Database'!H$4:H$998,'Candidate Database'!U$4:U$998=$C$2),43),"""")"),"") | F48: =IFERROR(__xludf.DUMMYFUNCTION("IFERROR(INDEX(FILTER('Candidate Database'!R$4:R$998,'Candidate Database'!U$4:U$998=$C$2),43),"""")"),"") | G48: =IFERROR(__xludf.DUMMYFUNCTION("IFERROR(INDEX(FILTER('Candidate Database'!P$4:P$998,'Candidate Database'!U$4:U$998=$C$2),43),"""")"),"") | J48: Neighbourhood
A49: =IF(COUNTIF('Candidate Database'!U$4:U$998,$C$2)>=44,44,"") | B49: =IFERROR(__xludf.DUMMYFUNCTION("IFERROR(INDEX(FILTER('Candidate Database'!B$4:B$998,'Candidate Database'!U$4:U$998=$C$2),44),"""")"),"") | C49: =IFERROR(__xludf.DUMMYFUNCTION("IFERROR(INDEX(FILTER('Candidate Database'!E$4:E$998,'Candidate Database'!U$4:U$998=$C$2),44),"""")"),"") | D49: =IFERROR(__xludf.DUMMYFUNCTION("IFERROR(INDEX(FILTER('Candidate Database'!G$4:G$998,'Candidate Database'!U$4:U$998=$C$2),44),"""")"),"") | E49: =IFERROR(__xludf.DUMMYFUNCTION("IFERROR(INDEX(FILTER('Candidate Database'!H$4:H$998,'Candidate Database'!U$4:U$998=$C$2),44),"""")"),"") | F49: =IFERROR(__xludf.DUMMYFUNCTION("IFERROR(INDEX(FILTER('Candidate Database'!R$4:R$998,'Candidate Database'!U$4:U$998=$C$2),44),"""")"),"") | G49: =IFERROR(__xludf.DUMMYFUNCTION("IFERROR(INDEX(FILTER('Candidate Database'!P$4:P$998,'Candidate Database'!U$4:U$998=$C$2),44),"""")"),"") | J49: Nidhi and Mihir PR
A50: =IF(COUNTIF('Candidate Database'!U$4:U$998,$C$2)>=45,45,"") | B50: =IFERROR(__xludf.DUMMYFUNCTION("IFERROR(INDEX(FILTER('Candidate Database'!B$4:B$998,'Candidate Database'!U$4:U$998=$C$2),45),"""")"),"") | C50: =IFERROR(__xludf.DUMMYFUNCTION("IFERROR(INDEX(FILTER('Candidate Database'!E$4:E$998,'Candidate Database'!U$4:U$998=$C$2),45),"""")"),"") | D50: =IFERROR(__xludf.DUMMYFUNCTION("IFERROR(INDEX(FILTER('Candidate Database'!G$4:G$998,'Candidate Database'!U$4:U$998=$C$2),45),"""")"),"") | E50: =IFERROR(__xludf.DUMMYFUNCTION("IFERROR(INDEX(FILTER('Candidate Database'!H$4:H$998,'Candidate Database'!U$4:U$998=$C$2),45),"""")"),"") | F50: =IFERROR(__xludf.DUMMYFUNCTION("IFERROR(INDEX(FILTER('Candidate Database'!R$4:R$998,'Candidate Database'!U$4:U$998=$C$2),45),"""")"),"") | G50: =IFERROR(__xludf.DUMMYFUNCTION("IFERROR(INDEX(FILTER('Candidate Database'!P$4:P$998,'Candidate Database'!U$4:U$998=$C$2),45),"""")"),"") | J50: Nova
A51: =IF(COUNTIF('Candidate Database'!U$4:U$998,$C$2)>=46,46,"") | B51: =IFERROR(__xludf.DUMMYFUNCTION("IFERROR(INDEX(FILTER('Candidate Database'!B$4:B$998,'Candidate Database'!U$4:U$998=$C$2),46),"""")"),"") | C51: =IFERROR(__xludf.DUMMYFUNCTION("IFERROR(INDEX(FILTER('Candidate Database'!E$4:E$998,'Candidate Database'!U$4:U$998=$C$2),46),"""")"),"") | D51: =IFERROR(__xludf.DUMMYFUNCTION("IFERROR(INDEX(FILTER('Candidate Database'!G$4:G$998,'Candidate Database'!U$4:U$998=$C$2),46),"""")"),"") | E51: =IFERROR(__xludf.DUMMYFUNCTION("IFERROR(INDEX(FILTER('Candidate Database'!H$4:H$998,'Candidate Database'!U$4:U$998=$C$2),46),"""")"),"") | F51: =IFERROR(__xludf.DUMMYFUNCTION("IFERROR(INDEX(FILTER('Candidate Database'!R$4:R$998,'Candidate Database'!U$4:U$998=$C$2),46),"""")"),"") | G51: =IFERROR(__xludf.DUMMYFUNCTION("IFERROR(INDEX(FILTER('Candidate Database'!P$4:P$998,'Candidate Database'!U$4:U$998=$C$2),46),"""")"),"") | J51: Ohris hospitality
A52: =IF(COUNTIF('Candidate Database'!U$4:U$998,$C$2)>=47,47,"") | B52: =IFERROR(__xludf.DUMMYFUNCTION("IFERROR(INDEX(FILTER('Candidate Database'!B$4:B$998,'Candidate Database'!U$4:U$998=$C$2),47),"""")"),"") | C52: =IFERROR(__xludf.DUMMYFUNCTION("IFERROR(INDEX(FILTER('Candidate Database'!E$4:E$998,'Candidate Database'!U$4:U$998=$C$2),47),"""")"),"") | D52: =IFERROR(__xludf.DUMMYFUNCTION("IFERROR(INDEX(FILTER('Candidate Database'!G$4:G$998,'Candidate Database'!U$4:U$998=$C$2),47),"""")"),"") | E52: =IFERROR(__xludf.DUMMYFUNCTION("IFERROR(INDEX(FILTER('Candidate Database'!H$4:H$998,'Candidate Database'!U$4:U$998=$C$2),47),"""")"),"") | F52: =IFERROR(__xludf.DUMMYFUNCTION("IFERROR(INDEX(FILTER('Candidate Database'!R$4:R$998,'Candidate Database'!U$4:U$998=$C$2),47),"""")"),"") | G52: =IFERROR(__xludf.DUMMYFUNCTION("IFERROR(INDEX(FILTER('Candidate Database'!P$4:P$998,'Candidate Database'!U$4:U$998=$C$2),47),"""")"),"") | J52: Olive
A53: =IF(COUNTIF('Candidate Database'!U$4:U$998,$C$2)>=48,48,"") | B53: =IFERROR(__xludf.DUMMYFUNCTION("IFERROR(INDEX(FILTER('Candidate Database'!B$4:B$998,'Candidate Database'!U$4:U$998=$C$2),48),"""")"),"") | C53: =IFERROR(__xludf.DUMMYFUNCTION("IFERROR(INDEX(FILTER('Candidate Database'!E$4:E$998,'Candidate Database'!U$4:U$998=$C$2),48),"""")"),"") | D53: =IFERROR(__xludf.DUMMYFUNCTION("IFERROR(INDEX(FILTER('Candidate Database'!G$4:G$998,'Candidate Database'!U$4:U$998=$C$2),48),"""")"),"") | E53: =IFERROR(__xludf.DUMMYFUNCTION("IFERROR(INDEX(FILTER('Candidate Database'!H$4:H$998,'Candidate Database'!U$4:U$998=$C$2),48),"""")"),"") | F53: =IFERROR(__xludf.DUMMYFUNCTION("IFERROR(INDEX(FILTER('Candidate Database'!R$4:R$998,'Candidate Database'!U$4:U$998=$C$2),48),"""")"),"") | G53: =IFERROR(__xludf.DUMMYFUNCTION("IFERROR(INDEX(FILTER('Candidate Database'!P$4:P$998,'Candidate Database'!U$4:U$998=$C$2),48),"""")"),"") | J53: PSL
A54: =IF(COUNTIF('Candidate Database'!U$4:U$998,$C$2)>=49,49,"") | B54: =IFERROR(__xludf.DUMMYFUNCTION("IFERROR(INDEX(FILTER('Candidate Database'!B$4:B$998,'Candidate Database'!U$4:U$998=$C$2),49),"""")"),"") | C54: =IFERROR(__xludf.DUMMYFUNCTION("IFERROR(INDEX(FILTER('Candidate Database'!E$4:E$998,'Candidate Database'!U$4:U$998=$C$2),49),"""")"),"") | D54: =IFERROR(__xludf.DUMMYFUNCTION("IFERROR(INDEX(FILTER('Candidate Database'!G$4:G$998,'Candidate Database'!U$4:U$998=$C$2),49),"""")"),"") | E54: =IFERROR(__xludf.DUMMYFUNCTION("IFERROR(INDEX(FILTER('Candidate Database'!H$4:H$998,'Candidate Database'!U$4:U$998=$C$2),49),"""")"),"") | F54: =IFERROR(__xludf.DUMMYFUNCTION("IFERROR(INDEX(FILTER('Candidate Database'!R$4:R$998,'Candidate Database'!U$4:U$998=$C$2),49),"""")"),"") | G54: =IFERROR(__xludf.DUMMYFUNCTION("IFERROR(INDEX(FILTER('Candidate Database'!P$4:P$998,'Candidate Database'!U$4:U$998=$C$2),49),"""")"),"") | J54: Pebble-Street
A55: =IF(COUNTIF('Candidate Database'!U$4:U$998,$C$2)>=50,50,"") | B55: =IFERROR(__xludf.DUMMYFUNCTION("IFERROR(INDEX(FILTER('Candidate Database'!B$4:B$998,'Candidate Database'!U$4:U$998=$C$2),50),"""")"),"") | C55: =IFERROR(__xludf.DUMMYFUNCTION("IFERROR(INDEX(FILTER('Candidate Database'!E$4:E$998,'Candidate Database'!U$4:U$998=$C$2),50),"""")"),"") | D55: =IFERROR(__xludf.DUMMYFUNCTION("IFERROR(INDEX(FILTER('Candidate Database'!G$4:G$998,'Candidate Database'!U$4:U$998=$C$2),50),"""")"),"") | E55: =IFERROR(__xludf.DUMMYFUNCTION("IFERROR(INDEX(FILTER('Candidate Database'!H$4:H$998,'Candidate Database'!U$4:U$998=$C$2),50),"""")"),"") | F55: =IFERROR(__xludf.DUMMYFUNCTION("IFERROR(INDEX(FILTER('Candidate Database'!R$4:R$998,'Candidate Database'!U$4:U$998=$C$2),50),"""")"),"") | G55: =IFERROR(__xludf.DUMMYFUNCTION("IFERROR(INDEX(FILTER('Candidate Database'!P$4:P$998,'Candidate Database'!U$4:U$998=$C$2),50),"""")"),"") | J55: Quetz
A56: =IF(COUNTIF('Candidate Database'!U$4:U$998,$C$2)>=51,51,"") | B56: =IFERROR(__xludf.DUMMYFUNCTION("IFERROR(INDEX(FILTER('Candidate Database'!B$4:B$998,'Candidate Database'!U$4:U$998=$C$2),51),"""")"),"") | C56: =IFERROR(__xludf.DUMMYFUNCTION("IFERROR(INDEX(FILTER('Candidate Database'!E$4:E$998,'Candidate Database'!U$4:U$998=$C$2),51),"""")"),"") | D56: =IFERROR(__xludf.DUMMYFUNCTION("IFERROR(INDEX(FILTER('Candidate Database'!G$4:G$998,'Candidate Database'!U$4:U$998=$C$2),51),"""")"),"") | E56: =IFERROR(__xludf.DUMMYFUNCTION("IFERROR(INDEX(FILTER('Candidate Database'!H$4:H$998,'Candidate Database'!U$4:U$998=$C$2),51),"""")"),"") | F56: =IFERROR(__xludf.DUMMYFUNCTION("IFERROR(INDEX(FILTER('Candidate Database'!R$4:R$998,'Candidate Database'!U$4:U$998=$C$2),51),"""")"),"") | G56: =IFERROR(__xludf.DUMMYFUNCTION("IFERROR(INDEX(FILTER('Candidate Database'!P$4:P$998,'Candidate Database'!U$4:U$998=$C$2),51),"""")"),"") | J56: Red turtle
A57: =IF(COUNTIF('Candidate Database'!U$4:U$998,$C$2)>=52,52,"") | B57: =IFERROR(__xludf.DUMMYFUNCTION("IFERROR(INDEX(FILTER('Candidate Database'!B$4:B$998,'Candidate Database'!U$4:U$998=$C$2),52),"""")"),"") | C57: =IFERROR(__xludf.DUMMYFUNCTION("IFERROR(INDEX(FILTER('Candidate Database'!E$4:E$998,'Candidate Database'!U$4:U$998=$C$2),52),"""")"),"") | D57: =IFERROR(__xludf.DUMMYFUNCTION("IFERROR(INDEX(FILTER('Candidate Database'!G$4:G$998,'Candidate Database'!U$4:U$998=$C$2),52),"""")"),"") | E57: =IFERROR(__xludf.DUMMYFUNCTION("IFERROR(INDEX(FILTER('Candidate Database'!H$4:H$998,'Candidate Database'!U$4:U$998=$C$2),52),"""")"),"") | F57: =IFERROR(__xludf.DUMMYFUNCTION("IFERROR(INDEX(FILTER('Candidate Database'!R$4:R$998,'Candidate Database'!U$4:U$998=$C$2),52),"""")"),"") | G57: =IFERROR(__xludf.DUMMYFUNCTION("IFERROR(INDEX(FILTER('Candidate Database'!P$4:P$998,'Candidate Database'!U$4:U$998=$C$2),52),"""")"),"") | J57: Ritika & Co.
A58: =IF(COUNTIF('Candidate Database'!U$4:U$998,$C$2)>=53,53,"") | B58: =IFERROR(__xludf.DUMMYFUNCTION("IFERROR(INDEX(FILTER('Candidate Database'!B$4:B$998,'Candidate Database'!U$4:U$998=$C$2),53),"""")"),"") | C58: =IFERROR(__xludf.DUMMYFUNCTION("IFERROR(INDEX(FILTER('Candidate Database'!E$4:E$998,'Candidate Database'!U$4:U$998=$C$2),53),"""")"),"") | D58: =IFERROR(__xludf.DUMMYFUNCTION("IFERROR(INDEX(FILTER('Candidate Database'!G$4:G$998,'Candidate Database'!U$4:U$998=$C$2),53),"""")"),"") | E58: =IFERROR(__xludf.DUMMYFUNCTION("IFERROR(INDEX(FILTER('Candidate Database'!H$4:H$998,'Candidate Database'!U$4:U$998=$C$2),53),"""")"),"") | F58: =IFERROR(__xludf.DUMMYFUNCTION("IFERROR(INDEX(FILTER('Candidate Database'!R$4:R$998,'Candidate Database'!U$4:U$998=$C$2),53),"""")"),"") | G58: =IFERROR(__xludf.DUMMYFUNCTION("IFERROR(INDEX(FILTER('Candidate Database'!P$4:P$998,'Candidate Database'!U$4:U$998=$C$2),53),"""")"),"") | J58: Scarlett House
A59: =IF(COUNTIF('Candidate Database'!U$4:U$998,$C$2)>=54,54,"") | B59: =IFERROR(__xludf.DUMMYFUNCTION("IFERROR(INDEX(FILTER('Candidate Database'!B$4:B$998,'Candidate Database'!U$4:U$998=$C$2),54),"""")"),"") | C59: =IFERROR(__xludf.DUMMYFUNCTION("IFERROR(INDEX(FILTER('Candidate Database'!E$4:E$998,'Candidate Database'!U$4:U$998=$C$2),54),"""")"),"") | D59: =IFERROR(__xludf.DUMMYFUNCTION("IFERROR(INDEX(FILTER('Candidate Database'!G$4:G$998,'Candidate Database'!U$4:U$998=$C$2),54),"""")"),"") | E59: =IFERROR(__xludf.DUMMYFUNCTION("IFERROR(INDEX(FILTER('Candidate Database'!H$4:H$998,'Candidate Database'!U$4:U$998=$C$2),54),"""")"),"") | F59: =IFERROR(__xludf.DUMMYFUNCTION("IFERROR(INDEX(FILTER('Candidate Database'!R$4:R$998,'Candidate Database'!U$4:U$998=$C$2),54),"""")"),"") | G59: =IFERROR(__xludf.DUMMYFUNCTION("IFERROR(INDEX(FILTER('Candidate Database'!P$4:P$998,'Candidate Database'!U$4:U$998=$C$2),54),"""")"),"") | J59: Shalimar
A60: =IF(COUNTIF('Candidate Database'!U$4:U$998,$C$2)>=55,55,"") | B60: =IFERROR(__xludf.DUMMYFUNCTION("IFERROR(INDEX(FILTER('Candidate Database'!B$4:B$998,'Candidate Database'!U$4:U$998=$C$2),55),"""")"),"") | C60: =IFERROR(__xludf.DUMMYFUNCTION("IFERROR(INDEX(FILTER('Candidate Database'!E$4:E$998,'Candidate Database'!U$4:U$998=$C$2),55),"""")"),"") | D60: =IFERROR(__xludf.DUMMYFUNCTION("IFERROR(INDEX(FILTER('Candidate Database'!G$4:G$998,'Candidate Database'!U$4:U$998=$C$2),55),"""")"),"") | E60: =IFERROR(__xludf.DUMMYFUNCTION("IFERROR(INDEX(FILTER('Candidate Database'!H$4:H$998,'Candidate Database'!U$4:U$998=$C$2),55),"""")"),"") | F60: =IFERROR(__xludf.DUMMYFUNCTION("IFERROR(INDEX(FILTER('Candidate Database'!R$4:R$998,'Candidate Database'!U$4:U$998=$C$2),55),"""")"),"") | G60: =IFERROR(__xludf.DUMMYFUNCTION("IFERROR(INDEX(FILTER('Candidate Database'!P$4:P$998,'Candidate Database'!U$4:U$998=$C$2),55),"""")"),"") | J60: Shalimar Hotel
A61: =IF(COUNTIF('Candidate Database'!U$4:U$998,$C$2)>=56,56,"") | B61: =IFERROR(__xludf.DUMMYFUNCTION("IFERROR(INDEX(FILTER('Candidate Database'!B$4:B$998,'Candidate Database'!U$4:U$998=$C$2),56),"""")"),"") | C61: =IFERROR(__xludf.DUMMYFUNCTION("IFERROR(INDEX(FILTER('Candidate Database'!E$4:E$998,'Candidate Database'!U$4:U$998=$C$2),56),"""")"),"") | D61: =IFERROR(__xludf.DUMMYFUNCTION("IFERROR(INDEX(FILTER('Candidate Database'!G$4:G$998,'Candidate Database'!U$4:U$998=$C$2),56),"""")"),"") | E61: =IFERROR(__xludf.DUMMYFUNCTION("IFERROR(INDEX(FILTER('Candidate Database'!H$4:H$998,'Candidate Database'!U$4:U$998=$C$2),56),"""")"),"") | F61: =IFERROR(__xludf.DUMMYFUNCTION("IFERROR(INDEX(FILTER('Candidate Database'!R$4:R$998,'Candidate Database'!U$4:U$998=$C$2),56),"""")"),"") | G61: =IFERROR(__xludf.DUMMYFUNCTION("IFERROR(INDEX(FILTER('Candidate Database'!P$4:P$998,'Candidate Database'!U$4:U$998=$C$2),56),"""")"),"") | J61: Silver Train
A62: =IF(COUNTIF('Candidate Database'!U$4:U$998,$C$2)>=57,57,"") | B62: =IFERROR(__xludf.DUMMYFUNCTION("IFERROR(INDEX(FILTER('Candidate Database'!B$4:B$998,'Candidate Database'!U$4:U$998=$C$2),57),"""")"),"") | C62: =IFERROR(__xludf.DUMMYFUNCTION("IFERROR(INDEX(FILTER('Candidate Database'!E$4:E$998,'Candidate Database'!U$4:U$998=$C$2),57),"""")"),"") | D62: =IFERROR(__xludf.DUMMYFUNCTION("IFERROR(INDEX(FILTER('Candidate Database'!G$4:G$998,'Candidate Database'!U$4:U$998=$C$2),57),"""")"),"") | E62: =IFERROR(__xludf.DUMMYFUNCTION("IFERROR(INDEX(FILTER('Candidate Database'!H$4:H$998,'Candidate Database'!U$4:U$998=$C$2),57),"""")"),"") | F62: =IFERROR(__xludf.DUMMYFUNCTION("IFERROR(INDEX(FILTER('Candidate Database'!R$4:R$998,'Candidate Database'!U$4:U$998=$C$2),57),"""")"),"") | G62: =IFERROR(__xludf.DUMMYFUNCTION("IFERROR(INDEX(FILTER('Candidate Database'!P$4:P$998,'Candidate Database'!U$4:U$998=$C$2),57),"""")"),"") | J62: Sivako
A63: =IF(COUNTIF('Candidate Database'!U$4:U$998,$C$2)>=58,58,"") | B63: =IFERROR(__xludf.DUMMYFUNCTION("IFERROR(INDEX(FILTER('Candidate Database'!B$4:B$998,'Candidate Database'!U$4:U$998=$C$2),58),"""")"),"") | C63: =IFERROR(__xludf.DUMMYFUNCTION("IFERROR(INDEX(FILTER('Candidate Database'!E$4:E$998,'Candidate Database'!U$4:U$998=$C$2),58),"""")"),"") | D63: =IFERROR(__xludf.DUMMYFUNCTION("IFERROR(INDEX(FILTER('Candidate Database'!G$4:G$998,'Candidate Database'!U$4:U$998=$C$2),58),"""")"),"") | E63: =IFERROR(__xludf.DUMMYFUNCTION("IFERROR(INDEX(FILTER('Candidate Database'!H$4:H$998,'Candidate Database'!U$4:U$998=$C$2),58),"""")"),"") | F63: =IFERROR(__xludf.DUMMYFUNCTION("IFERROR(INDEX(FILTER('Candidate Database'!R$4:R$998,'Candidate Database'!U$4:U$998=$C$2),58),"""")"),"") | G63: =IFERROR(__xludf.DUMMYFUNCTION("IFERROR(INDEX(FILTER('Candidate Database'!P$4:P$998,'Candidate Database'!U$4:U$998=$C$2),58),"""")"),"") | J63: Slink and Bardot
A64: =IF(COUNTIF('Candidate Database'!U$4:U$998,$C$2)>=59,59,"") | B64: =IFERROR(__xludf.DUMMYFUNCTION("IFERROR(INDEX(FILTER('Candidate Database'!B$4:B$998,'Candidate Database'!U$4:U$998=$C$2),59),"""")"),"") | C64: =IFERROR(__xludf.DUMMYFUNCTION("IFERROR(INDEX(FILTER('Candidate Database'!E$4:E$998,'Candidate Database'!U$4:U$998=$C$2),59),"""")"),"") | D64: =IFERROR(__xludf.DUMMYFUNCTION("IFERROR(INDEX(FILTER('Candidate Database'!G$4:G$998,'Candidate Database'!U$4:U$998=$C$2),59),"""")"),"") | E64: =IFERROR(__xludf.DUMMYFUNCTION("IFERROR(INDEX(FILTER('Candidate Database'!H$4:H$998,'Candidate Database'!U$4:U$998=$C$2),59),"""")"),"") | F64: =IFERROR(__xludf.DUMMYFUNCTION("IFERROR(INDEX(FILTER('Candidate Database'!R$4:R$998,'Candidate Database'!U$4:U$998=$C$2),59),"""")"),"") | G64: =IFERROR(__xludf.DUMMYFUNCTION("IFERROR(INDEX(FILTER('Candidate Database'!P$4:P$998,'Candidate Database'!U$4:U$998=$C$2),59),"""")"),"") | J64: Speciality
A65: =IF(COUNTIF('Candidate Database'!U$4:U$998,$C$2)>=60,60,"") | B65: =IFERROR(__xludf.DUMMYFUNCTION("IFERROR(INDEX(FILTER('Candidate Database'!B$4:B$998,'Candidate Database'!U$4:U$998=$C$2),60),"""")"),"") | C65: =IFERROR(__xludf.DUMMYFUNCTION("IFERROR(INDEX(FILTER('Candidate Database'!E$4:E$998,'Candidate Database'!U$4:U$998=$C$2),60),"""")"),"") | D65: =IFERROR(__xludf.DUMMYFUNCTION("IFERROR(INDEX(FILTER('Candidate Database'!G$4:G$998,'Candidate Database'!U$4:U$998=$C$2),60),"""")"),"") | E65: =IFERROR(__xludf.DUMMYFUNCTION("IFERROR(INDEX(FILTER('Candidate Database'!H$4:H$998,'Candidate Database'!U$4:U$998=$C$2),60),"""")"),"") | F65: =IFERROR(__xludf.DUMMYFUNCTION("IFERROR(INDEX(FILTER('Candidate Database'!R$4:R$998,'Candidate Database'!U$4:U$998=$C$2),60),"""")"),"") | G65: =IFERROR(__xludf.DUMMYFUNCTION("IFERROR(INDEX(FILTER('Candidate Database'!P$4:P$998,'Candidate Database'!U$4:U$998=$C$2),60),"""")"),"") | J65: Splendour
A66: =IF(COUNTIF('Candidate Database'!U$4:U$998,$C$2)>=61,61,"") | B66: =IFERROR(__xludf.DUMMYFUNCTION("IFERROR(INDEX(FILTER('Candidate Database'!B$4:B$998,'Candidate Database'!U$4:U$998=$C$2),61),"""")"),"") | C66: =IFERROR(__xludf.DUMMYFUNCTION("IFERROR(INDEX(FILTER('Candidate Database'!E$4:E$998,'Candidate Database'!U$4:U$998=$C$2),61),"""")"),"") | D66: =IFERROR(__xludf.DUMMYFUNCTION("IFERROR(INDEX(FILTER('Candidate Database'!G$4:G$998,'Candidate Database'!U$4:U$998=$C$2),61),"""")"),"") | E66: =IFERROR(__xludf.DUMMYFUNCTION("IFERROR(INDEX(FILTER('Candidate Database'!H$4:H$998,'Candidate Database'!U$4:U$998=$C$2),61),"""")"),"") | F66: =IFERROR(__xludf.DUMMYFUNCTION("IFERROR(INDEX(FILTER('Candidate Database'!R$4:R$998,'Candidate Database'!U$4:U$998=$C$2),61),"""")"),"") | G66: =IFERROR(__xludf.DUMMYFUNCTION("IFERROR(INDEX(FILTER('Candidate Database'!P$4:P$998,'Candidate Database'!U$4:U$998=$C$2),61),"""")"),"") | J66: TAB
A67: =IF(COUNTIF('Candidate Database'!U$4:U$998,$C$2)>=62,62,"") | B67: =IFERROR(__xludf.DUMMYFUNCTION("IFERROR(INDEX(FILTER('Candidate Database'!B$4:B$998,'Candidate Database'!U$4:U$998=$C$2),62),"""")"),"") | C67: =IFERROR(__xludf.DUMMYFUNCTION("IFERROR(INDEX(FILTER('Candidate Database'!E$4:E$998,'Candidate Database'!U$4:U$998=$C$2),62),"""")"),"") | D67: =IFERROR(__xludf.DUMMYFUNCTION("IFERROR(INDEX(FILTER('Candidate Database'!G$4:G$998,'Candidate Database'!U$4:U$998=$C$2),62),"""")"),"") | E67: =IFERROR(__xludf.DUMMYFUNCTION("IFERROR(INDEX(FILTER('Candidate Database'!H$4:H$998,'Candidate Database'!U$4:U$998=$C$2),62),"""")"),"") | F67: =IFERROR(__xludf.DUMMYFUNCTION("IFERROR(INDEX(FILTER('Candidate Database'!R$4:R$998,'Candidate Database'!U$4:U$998=$C$2),62),"""")"),"") | G67: =IFERROR(__xludf.DUMMYFUNCTION("IFERROR(INDEX(FILTER('Candidate Database'!P$4:P$998,'Candidate Database'!U$4:U$998=$C$2),62),"""")"),"") | J67: TAT
A68: =IF(COUNTIF('Candidate Database'!U$4:U$998,$C$2)>=63,63,"") | B68: =IFERROR(__xludf.DUMMYFUNCTION("IFERROR(INDEX(FILTER('Candidate Database'!B$4:B$998,'Candidate Database'!U$4:U$998=$C$2),63),"""")"),"") | C68: =IFERROR(__xludf.DUMMYFUNCTION("IFERROR(INDEX(FILTER('Candidate Database'!E$4:E$998,'Candidate Database'!U$4:U$998=$C$2),63),"""")"),"") | D68: =IFERROR(__xludf.DUMMYFUNCTION("IFERROR(INDEX(FILTER('Candidate Database'!G$4:G$998,'Candidate Database'!U$4:U$998=$C$2),63),"""")"),"") | E68: =IFERROR(__xludf.DUMMYFUNCTION("IFERROR(INDEX(FILTER('Candidate Database'!H$4:H$998,'Candidate Database'!U$4:U$998=$C$2),63),"""")"),"") | F68: =IFERROR(__xludf.DUMMYFUNCTION("IFERROR(INDEX(FILTER('Candidate Database'!R$4:R$998,'Candidate Database'!U$4:U$998=$C$2),63),"""")"),"") | G68: =IFERROR(__xludf.DUMMYFUNCTION("IFERROR(INDEX(FILTER('Candidate Database'!P$4:P$998,'Candidate Database'!U$4:U$998=$C$2),63),"""")"),"") | J68: The Hummingtree
A69: =IF(COUNTIF('Candidate Database'!U$4:U$998,$C$2)>=64,64,"") | B69: =IFERROR(__xludf.DUMMYFUNCTION("IFERROR(INDEX(FILTER('Candidate Database'!B$4:B$998,'Candidate Database'!U$4:U$998=$C$2),64),"""")"),"") | C69: =IFERROR(__xludf.DUMMYFUNCTION("IFERROR(INDEX(FILTER('Candidate Database'!E$4:E$998,'Candidate Database'!U$4:U$998=$C$2),64),"""")"),"") | D69: =IFERROR(__xludf.DUMMYFUNCTION("IFERROR(INDEX(FILTER('Candidate Database'!G$4:G$998,'Candidate Database'!U$4:U$998=$C$2),64),"""")"),"") | E69: =IFERROR(__xludf.DUMMYFUNCTION("IFERROR(INDEX(FILTER('Candidate Database'!H$4:H$998,'Candidate Database'!U$4:U$998=$C$2),64),"""")"),"") | F69: =IFERROR(__xludf.DUMMYFUNCTION("IFERROR(INDEX(FILTER('Candidate Database'!R$4:R$998,'Candidate Database'!U$4:U$998=$C$2),64),"""")"),"") | G69: =IFERROR(__xludf.DUMMYFUNCTION("IFERROR(INDEX(FILTER('Candidate Database'!P$4:P$998,'Candidate Database'!U$4:U$998=$C$2),64),"""")"),"") | J69: The Kin Hotel
A70: =IF(COUNTIF('Candidate Database'!U$4:U$998,$C$2)>=65,65,"") | B70: =IFERROR(__xludf.DUMMYFUNCTION("IFERROR(INDEX(FILTER('Candidate Database'!B$4:B$998,'Candidate Database'!U$4:U$998=$C$2),65),"""")"),"") | C70: =IFERROR(__xludf.DUMMYFUNCTION("IFERROR(INDEX(FILTER('Candidate Database'!E$4:E$998,'Candidate Database'!U$4:U$998=$C$2),65),"""")"),"") | D70: =IFERROR(__xludf.DUMMYFUNCTION("IFERROR(INDEX(FILTER('Candidate Database'!G$4:G$998,'Candidate Database'!U$4:U$998=$C$2),65),"""")"),"") | E70: =IFERROR(__xludf.DUMMYFUNCTION("IFERROR(INDEX(FILTER('Candidate Database'!H$4:H$998,'Candidate Database'!U$4:U$998=$C$2),65),"""")"),"") | F70: =IFERROR(__xludf.DUMMYFUNCTION("IFERROR(INDEX(FILTER('Candidate Database'!R$4:R$998,'Candidate Database'!U$4:U$998=$C$2),65),"""")"),"") | G70: =IFERROR(__xludf.DUMMYFUNCTION("IFERROR(INDEX(FILTER('Candidate Database'!P$4:P$998,'Candidate Database'!U$4:U$998=$C$2),65),"""")"),"") | J70: The Nest
A71: =IF(COUNTIF('Candidate Database'!U$4:U$998,$C$2)>=66,66,"") | B71: =IFERROR(__xludf.DUMMYFUNCTION("IFERROR(INDEX(FILTER('Candidate Database'!B$4:B$998,'Candidate Database'!U$4:U$998=$C$2),66),"""")"),"") | C71: =IFERROR(__xludf.DUMMYFUNCTION("IFERROR(INDEX(FILTER('Candidate Database'!E$4:E$998,'Candidate Database'!U$4:U$998=$C$2),66),"""")"),"") | D71: =IFERROR(__xludf.DUMMYFUNCTION("IFERROR(INDEX(FILTER('Candidate Database'!G$4:G$998,'Candidate Database'!U$4:U$998=$C$2),66),"""")"),"") | E71: =IFERROR(__xludf.DUMMYFUNCTION("IFERROR(INDEX(FILTER('Candidate Database'!H$4:H$998,'Candidate Database'!U$4:U$998=$C$2),66),"""")"),"") | F71: =IFERROR(__xludf.DUMMYFUNCTION("IFERROR(INDEX(FILTER('Candidate Database'!R$4:R$998,'Candidate Database'!U$4:U$998=$C$2),66),"""")"),"") | G71: =IFERROR(__xludf.DUMMYFUNCTION("IFERROR(INDEX(FILTER('Candidate Database'!P$4:P$998,'Candidate Database'!U$4:U$998=$C$2),66),"""")"),"") | J71: The Ranch
A72: =IF(COUNTIF('Candidate Database'!U$4:U$998,$C$2)>=67,67,"") | B72: =IFERROR(__xludf.DUMMYFUNCTION("IFERROR(INDEX(FILTER('Candidate Database'!B$4:B$998,'Candidate Database'!U$4:U$998=$C$2),67),"""")"),"") | C72: =IFERROR(__xludf.DUMMYFUNCTION("IFERROR(INDEX(FILTER('Candidate Database'!E$4:E$998,'Candidate Database'!U$4:U$998=$C$2),67),"""")"),"") | D72: =IFERROR(__xludf.DUMMYFUNCTION("IFERROR(INDEX(FILTER('Candidate Database'!G$4:G$998,'Candidate Database'!U$4:U$998=$C$2),67),"""")"),"") | E72: =IFERROR(__xludf.DUMMYFUNCTION("IFERROR(INDEX(FILTER('Candidate Database'!H$4:H$998,'Candidate Database'!U$4:U$998=$C$2),67),"""")"),"") | F72: =IFERROR(__xludf.DUMMYFUNCTION("IFERROR(INDEX(FILTER('Candidate Database'!R$4:R$998,'Candidate Database'!U$4:U$998=$C$2),67),"""")"),"") | G72: =IFERROR(__xludf.DUMMYFUNCTION("IFERROR(INDEX(FILTER('Candidate Database'!P$4:P$998,'Candidate Database'!U$4:U$998=$C$2),67),"""")"),"") | J72: Tropicool
A73: =IF(COUNTIF('Candidate Database'!U$4:U$998,$C$2)>=68,68,"") | B73: =IFERROR(__xludf.DUMMYFUNCTION("IFERROR(INDEX(FILTER('Candidate Database'!B$4:B$998,'Candidate Database'!U$4:U$998=$C$2),68),"""")"),"") | C73: =IFERROR(__xludf.DUMMYFUNCTION("IFERROR(INDEX(FILTER('Candidate Database'!E$4:E$998,'Candidate Database'!U$4:U$998=$C$2),68),"""")"),"") | D73: =IFERROR(__xludf.DUMMYFUNCTION("IFERROR(INDEX(FILTER('Candidate Database'!G$4:G$998,'Candidate Database'!U$4:U$998=$C$2),68),"""")"),"") | E73: =IFERROR(__xludf.DUMMYFUNCTION("IFERROR(INDEX(FILTER('Candidate Database'!H$4:H$998,'Candidate Database'!U$4:U$998=$C$2),68),"""")"),"") | F73: =IFERROR(__xludf.DUMMYFUNCTION("IFERROR(INDEX(FILTER('Candidate Database'!R$4:R$998,'Candidate Database'!U$4:U$998=$C$2),68),"""")"),"") | G73: =IFERROR(__xludf.DUMMYFUNCTION("IFERROR(INDEX(FILTER('Candidate Database'!P$4:P$998,'Candidate Database'!U$4:U$998=$C$2),68),"""")"),"") | J73: True palate
A74: =IF(COUNTIF('Candidate Database'!U$4:U$998,$C$2)>=69,69,"") | B74: =IFERROR(__xludf.DUMMYFUNCTION("IFERROR(INDEX(FILTER('Candidate Database'!B$4:B$998,'Candidate Database'!U$4:U$998=$C$2),69),"""")"),"") | C74: =IFERROR(__xludf.DUMMYFUNCTION("IFERROR(INDEX(FILTER('Candidate Database'!E$4:E$998,'Candidate Database'!U$4:U$998=$C$2),69),"""")"),"") | D74: =IFERROR(__xludf.DUMMYFUNCTION("IFERROR(INDEX(FILTER('Candidate Database'!G$4:G$998,'Candidate Database'!U$4:U$998=$C$2),69),"""")"),"") | E74: =IFERROR(__xludf.DUMMYFUNCTION("IFERROR(INDEX(FILTER('Candidate Database'!H$4:H$998,'Candidate Database'!U$4:U$998=$C$2),69),"""")"),"") | F74: =IFERROR(__xludf.DUMMYFUNCTION("IFERROR(INDEX(FILTER('Candidate Database'!R$4:R$998,'Candidate Database'!U$4:U$998=$C$2),69),"""")"),"") | G74: =IFERROR(__xludf.DUMMYFUNCTION("IFERROR(INDEX(FILTER('Candidate Database'!P$4:P$998,'Candidate Database'!U$4:U$998=$C$2),69),"""")"),"") | J74: UGIPL
A75: =IF(COUNTIF('Candidate Database'!U$4:U$998,$C$2)>=70,70,"") | B75: =IFERROR(__xludf.DUMMYFUNCTION("IFERROR(INDEX(FILTER('Candidate Database'!B$4:B$998,'Candidate Database'!U$4:U$998=$C$2),70),"""")"),"") | C75: =IFERROR(__xludf.DUMMYFUNCTION("IFERROR(INDEX(FILTER('Candidate Database'!E$4:E$998,'Candidate Database'!U$4:U$998=$C$2),70),"""")"),"") | D75: =IFERROR(__xludf.DUMMYFUNCTION("IFERROR(INDEX(FILTER('Candidate Database'!G$4:G$998,'Candidate Database'!U$4:U$998=$C$2),70),"""")"),"") | E75: =IFERROR(__xludf.DUMMYFUNCTION("IFERROR(INDEX(FILTER('Candidate Database'!H$4:H$998,'Candidate Database'!U$4:U$998=$C$2),70),"""")"),"") | F75: =IFERROR(__xludf.DUMMYFUNCTION("IFERROR(INDEX(FILTER('Candidate Database'!R$4:R$998,'Candidate Database'!U$4:U$998=$C$2),70),"""")"),"") | G75: =IFERROR(__xludf.DUMMYFUNCTION("IFERROR(INDEX(FILTER('Candidate Database'!P$4:P$998,'Candidate Database'!U$4:U$998=$C$2),70),"""")"),"") | J75: Zima
A76: =IF(COUNTIF('Candidate Database'!U$4:U$998,$C$2)>=71,71,"") | B76: =IFERROR(__xludf.DUMMYFUNCTION("IFERROR(INDEX(FILTER('Candidate Database'!B$4:B$998,'Candidate Database'!U$4:U$998=$C$2),71),"""")"),"") | C76: =IFERROR(__xludf.DUMMYFUNCTION("IFERROR(INDEX(FILTER('Candidate Database'!E$4:E$998,'Candidate Database'!U$4:U$998=$C$2),71),"""")"),"") | D76: =IFERROR(__xludf.DUMMYFUNCTION("IFERROR(INDEX(FILTER('Candidate Database'!G$4:G$998,'Candidate Database'!U$4:U$998=$C$2),71),"""")"),"") | E76: =IFERROR(__xludf.DUMMYFUNCTION("IFERROR(INDEX(FILTER('Candidate Database'!H$4:H$998,'Candidate Database'!U$4:U$998=$C$2),71),"""")"),"") | F76: =IFERROR(__xludf.DUMMYFUNCTION("IFERROR(INDEX(FILTER('Candidate Database'!R$4:R$998,'Candidate Database'!U$4:U$998=$C$2),71),"""")"),"") | G76: =IFERROR(__xludf.DUMMYFUNCTION("IFERROR(INDEX(FILTER('Candidate Database'!P$4:P$998,'Candidate Database'!U$4:U$998=$C$2),71),"""")"),"")
A77: =IF(COUNTIF('Candidate Database'!U$4:U$998,$C$2)>=72,72,"") | B77: =IFERROR(__xludf.DUMMYFUNCTION("IFERROR(INDEX(FILTER('Candidate Database'!B$4:B$998,'Candidate Database'!U$4:U$998=$C$2),72),"""")"),"") | C77: =IFERROR(__xludf.DUMMYFUNCTION("IFERROR(INDEX(FILTER('Candidate Database'!E$4:E$998,'Candidate Database'!U$4:U$998=$C$2),72),"""")"),"") | D77: =IFERROR(__xludf.DUMMYFUNCTION("IFERROR(INDEX(FILTER('Candidate Database'!G$4:G$998,'Candidate Database'!U$4:U$998=$C$2),72),"""")"),"") | E77: =IFERROR(__xludf.DUMMYFUNCTION("IFERROR(INDEX(FILTER('Candidate Database'!H$4:H$998,'Candidate Database'!U$4:U$998=$C$2),72),"""")"),"") | F77: =IFERROR(__xludf.DUMMYFUNCTION("IFERROR(INDEX(FILTER('Candidate Database'!R$4:R$998,'Candidate Database'!U$4:U$998=$C$2),72),"""")"),"") | G77: =IFERROR(__xludf.DUMMYFUNCTION("IFERROR(INDEX(FILTER('Candidate Database'!P$4:P$998,'Candidate Database'!U$4:U$998=$C$2),72),"""")"),"")
A78: =IF(COUNTIF('Candidate Database'!U$4:U$998,$C$2)>=73,73,"") | B78: =IFERROR(__xludf.DUMMYFUNCTION("IFERROR(INDEX(FILTER('Candidate Database'!B$4:B$998,'Candidate Database'!U$4:U$998=$C$2),73),"""")"),"") | C78: =IFERROR(__xludf.DUMMYFUNCTION("IFERROR(INDEX(FILTER('Candidate Database'!E$4:E$998,'Candidate Database'!U$4:U$998=$C$2),73),"""")"),"") | D78: =IFERROR(__xludf.DUMMYFUNCTION("IFERROR(INDEX(FILTER('Candidate Database'!G$4:G$998,'Candidate Database'!U$4:U$998=$C$2),73),"""")"),"") | E78: =IFERROR(__xludf.DUMMYFUNCTION("IFERROR(INDEX(FILTER('Candidate Database'!H$4:H$998,'Candidate Database'!U$4:U$998=$C$2),73),"""")"),"") | F78: =IFERROR(__xludf.DUMMYFUNCTION("IFERROR(INDEX(FILTER('Candidate Database'!R$4:R$998,'Candidate Database'!U$4:U$998=$C$2),73),"""")"),"") | G78: =IFERROR(__xludf.DUMMYFUNCTION("IFERROR(INDEX(FILTER('Candidate Database'!P$4:P$998,'Candidate Database'!U$4:U$998=$C$2),73),"""")"),"")
A79: =IF(COUNTIF('Candidate Database'!U$4:U$998,$C$2)>=74,74,"") | B79: =IFERROR(__xludf.DUMMYFUNCTION("IFERROR(INDEX(FILTER('Candidate Database'!B$4:B$998,'Candidate Database'!U$4:U$998=$C$2),74),"""")"),"") | C79: =IFERROR(__xludf.DUMMYFUNCTION("IFERROR(INDEX(FILTER('Candidate Database'!E$4:E$998,'Candidate Database'!U$4:U$998=$C$2),74),"""")"),"") | D79: =IFERROR(__xludf.DUMMYFUNCTION("IFERROR(INDEX(FILTER('Candidate Database'!G$4:G$998,'Candidate Database'!U$4:U$998=$C$2),74),"""")"),"") | E79: =IFERROR(__xludf.DUMMYFUNCTION("IFERROR(INDEX(FILTER('Candidate Database'!H$4:H$998,'Candidate Database'!U$4:U$998=$C$2),74),"""")"),"") | F79: =IFERROR(__xludf.DUMMYFUNCTION("IFERROR(INDEX(FILTER('Candidate Database'!R$4:R$998,'Candidate Database'!U$4:U$998=$C$2),74),"""")"),"") | G79: =IFERROR(__xludf.DUMMYFUNCTION("IFERROR(INDEX(FILTER('Candidate Database'!P$4:P$998,'Candidate Database'!U$4:U$998=$C$2),74),"""")"),"")
A80: =IF(COUNTIF('Candidate Database'!U$4:U$998,$C$2)>=75,75,"") | B80: =IFERROR(__xludf.DUMMYFUNCTION("IFERROR(INDEX(FILTER('Candidate Database'!B$4:B$998,'Candidate Database'!U$4:U$998=$C$2),75),"""")"),"") | C80: =IFERROR(__xludf.DUMMYFUNCTION("IFERROR(INDEX(FILTER('Candidate Database'!E$4:E$998,'Candidate Database'!U$4:U$998=$C$2),75),"""")"),"") | D80: =IFERROR(__xludf.DUMMYFUNCTION("IFERROR(INDEX(FILTER('Candidate Database'!G$4:G$998,'Candidate Database'!U$4:U$998=$C$2),75),"""")"),"") | E80: =IFERROR(__xludf.DUMMYFUNCTION("IFERROR(INDEX(FILTER('Candidate Database'!H$4:H$998,'Candidate Database'!U$4:U$998=$C$2),75),"""")"),"") | F80: =IFERROR(__xludf.DUMMYFUNCTION("IFERROR(INDEX(FILTER('Candidate Database'!R$4:R$998,'Candidate Database'!U$4:U$998=$C$2),75),"""")"),"") | G80: =IFERROR(__xludf.DUMMYFUNCTION("IFERROR(INDEX(FILTER('Candidate Database'!P$4:P$998,'Candidate Database'!U$4:U$998=$C$2),75),"""")"),"")
A81: =IF(COUNTIF('Candidate Database'!U$4:U$998,$C$2)>=76,76,"") | B81: =IFERROR(__xludf.DUMMYFUNCTION("IFERROR(INDEX(FILTER('Candidate Database'!B$4:B$998,'Candidate Database'!U$4:U$998=$C$2),76),"""")"),"") | C81: =IFERROR(__xludf.DUMMYFUNCTION("IFERROR(INDEX(FILTER('Candidate Database'!E$4:E$998,'Candidate Database'!U$4:U$998=$C$2),76),"""")"),"") | D81: =IFERROR(__xludf.DUMMYFUNCTION("IFERROR(INDEX(FILTER('Candidate Database'!G$4:G$998,'Candidate Database'!U$4:U$998=$C$2),76),"""")"),"") | E81: =IFERROR(__xludf.DUMMYFUNCTION("IFERROR(INDEX(FILTER('Candidate Database'!H$4:H$998,'Candidate Database'!U$4:U$998=$C$2),76),"""")"),"") | F81: =IFERROR(__xludf.DUMMYFUNCTION("IFERROR(INDEX(FILTER('Candidate Database'!R$4:R$998,'Candidate Database'!U$4:U$998=$C$2),76),"""")"),"") | G81: =IFERROR(__xludf.DUMMYFUNCTION("IFERROR(INDEX(FILTER('Candidate Database'!P$4:P$998,'Candidate Database'!U$4:U$998=$C$2),76),"""")"),"")
A82: =IF(COUNTIF('Candidate Database'!U$4:U$998,$C$2)>=77,77,"") | B82: =IFERROR(__xludf.DUMMYFUNCTION("IFERROR(INDEX(FILTER('Candidate Database'!B$4:B$998,'Candidate Database'!U$4:U$998=$C$2),77),"""")"),"") | C82: =IFERROR(__xludf.DUMMYFUNCTION("IFERROR(INDEX(FILTER('Candidate Database'!E$4:E$998,'Candidate Database'!U$4:U$998=$C$2),77),"""")"),"") | D82: =IFERROR(__xludf.DUMMYFUNCTION("IFERROR(INDEX(FILTER('Candidate Database'!G$4:G$998,'Candidate Database'!U$4:U$998=$C$2),77),"""")"),"") | E82: =IFERROR(__xludf.DUMMYFUNCTION("IFERROR(INDEX(FILTER('Candidate Database'!H$4:H$998,'Candidate Database'!U$4:U$998=$C$2),77),"""")"),"") | F82: =IFERROR(__xludf.DUMMYFUNCTION("IFERROR(INDEX(FILTER('Candidate Database'!R$4:R$998,'Candidate Database'!U$4:U$998=$C$2),77),"""")"),"") | G82: =IFERROR(__xludf.DUMMYFUNCTION("IFERROR(INDEX(FILTER('Candidate Database'!P$4:P$998,'Candidate Database'!U$4:U$998=$C$2),77),"""")"),"")
A83: =IF(COUNTIF('Candidate Database'!U$4:U$998,$C$2)>=78,78,"") | B83: =IFERROR(__xludf.DUMMYFUNCTION("IFERROR(INDEX(FILTER('Candidate Database'!B$4:B$998,'Candidate Database'!U$4:U$998=$C$2),78),"""")"),"") | C83: =IFERROR(__xludf.DUMMYFUNCTION("IFERROR(INDEX(FILTER('Candidate Database'!E$4:E$998,'Candidate Database'!U$4:U$998=$C$2),78),"""")"),"") | D83: =IFERROR(__xludf.DUMMYFUNCTION("IFERROR(INDEX(FILTER('Candidate Database'!G$4:G$998,'Candidate Database'!U$4:U$998=$C$2),78),"""")"),"") | E83: =IFERROR(__xludf.DUMMYFUNCTION("IFERROR(INDEX(FILTER('Candidate Database'!H$4:H$998,'Candidate Database'!U$4:U$998=$C$2),78),"""")"),"") | F83: =IFERROR(__xludf.DUMMYFUNCTION("IFERROR(INDEX(FILTER('Candidate Database'!R$4:R$998,'Candidate Database'!U$4:U$998=$C$2),78),"""")"),"") | G83: =IFERROR(__xludf.DUMMYFUNCTION("IFERROR(INDEX(FILTER('Candidate Database'!P$4:P$998,'Candidate Database'!U$4:U$998=$C$2),78),"""")"),"")
A84: =IF(COUNTIF('Candidate Database'!U$4:U$998,$C$2)>=79,79,"") | B84: =IFERROR(__xludf.DUMMYFUNCTION("IFERROR(INDEX(FILTER('Candidate Database'!B$4:B$998,'Candidate Database'!U$4:U$998=$C$2),79),"""")"),"") | C84: =IFERROR(__xludf.DUMMYFUNCTION("IFERROR(INDEX(FILTER('Candidate Database'!E$4:E$998,'Candidate Database'!U$4:U$998=$C$2),79),"""")"),"") | D84: =IFERROR(__xludf.DUMMYFUNCTION("IFERROR(INDEX(FILTER('Candidate Database'!G$4:G$998,'Candidate Database'!U$4:U$998=$C$2),79),"""")"),"") | E84: =IFERROR(__xludf.DUMMYFUNCTION("IFERROR(INDEX(FILTER('Candidate Database'!H$4:H$998,'Candidate Database'!U$4:U$998=$C$2),79),"""")"),"") | F84: =IFERROR(__xludf.DUMMYFUNCTION("IFERROR(INDEX(FILTER('Candidate Database'!R$4:R$998,'Candidate Database'!U$4:U$998=$C$2),79),"""")"),"") | G84: =IFERROR(__xludf.DUMMYFUNCTION("IFERROR(INDEX(FILTER('Candidate Database'!P$4:P$998,'Candidate Database'!U$4:U$998=$C$2),79),"""")"),"")
A85: =IF(COUNTIF('Candidate Database'!U$4:U$998,$C$2)>=80,80,"") | B85: =IFERROR(__xludf.DUMMYFUNCTION("IFERROR(INDEX(FILTER('Candidate Database'!B$4:B$998,'Candidate Database'!U$4:U$998=$C$2),80),"""")"),"") | C85: =IFERROR(__xludf.DUMMYFUNCTION("IFERROR(INDEX(FILTER('Candidate Database'!E$4:E$998,'Candidate Database'!U$4:U$998=$C$2),80),"""")"),"") | D85: =IFERROR(__xludf.DUMMYFUNCTION("IFERROR(INDEX(FILTER('Candidate Database'!G$4:G$998,'Candidate Database'!U$4:U$998=$C$2),80),"""")"),"") | E85: =IFERROR(__xludf.DUMMYFUNCTION("IFERROR(INDEX(FILTER('Candidate Database'!H$4:H$998,'Candidate Database'!U$4:U$998=$C$2),80),"""")"),"") | F85: =IFERROR(__xludf.DUMMYFUNCTION("IFERROR(INDEX(FILTER('Candidate Database'!R$4:R$998,'Candidate Database'!U$4:U$998=$C$2),80),"""")"),"") | G85: =IFERROR(__xludf.DUMMYFUNCTION("IFERROR(INDEX(FILTER('Candidate Database'!P$4:P$998,'Candidate Database'!U$4:U$998=$C$2),80),"""")"),"")
A86: =IF(COUNTIF('Candidate Database'!U$4:U$998,$C$2)>=81,81,"") | B86: =IFERROR(__xludf.DUMMYFUNCTION("IFERROR(INDEX(FILTER('Candidate Database'!B$4:B$998,'Candidate Database'!U$4:U$998=$C$2),81),"""")"),"") | C86: =IFERROR(__xludf.DUMMYFUNCTION("IFERROR(INDEX(FILTER('Candidate Database'!E$4:E$998,'Candidate Database'!U$4:U$998=$C$2),81),"""")"),"") | D86: =IFERROR(__xludf.DUMMYFUNCTION("IFERROR(INDEX(FILTER('Candidate Database'!G$4:G$998,'Candidate Database'!U$4:U$998=$C$2),81),"""")"),"") | E86: =IFERROR(__xludf.DUMMYFUNCTION("IFERROR(INDEX(FILTER('Candidate Database'!H$4:H$998,'Candidate Database'!U$4:U$998=$C$2),81),"""")"),"") | F86: =IFERROR(__xludf.DUMMYFUNCTION("IFERROR(INDEX(FILTER('Candidate Database'!R$4:R$998,'Candidate Database'!U$4:U$998=$C$2),81),"""")"),"") | G86: =IFERROR(__xludf.DUMMYFUNCTION("IFERROR(INDEX(FILTER('Candidate Database'!P$4:P$998,'Candidate Database'!U$4:U$998=$C$2),81),"""")"),"")
A87: =IF(COUNTIF('Candidate Database'!U$4:U$998,$C$2)>=82,82,"") | B87: =IFERROR(__xludf.DUMMYFUNCTION("IFERROR(INDEX(FILTER('Candidate Database'!B$4:B$998,'Candidate Database'!U$4:U$998=$C$2),82),"""")"),"") | C87: =IFERROR(__xludf.DUMMYFUNCTION("IFERROR(INDEX(FILTER('Candidate Database'!E$4:E$998,'Candidate Database'!U$4:U$998=$C$2),82),"""")"),"") | D87: =IFERROR(__xludf.DUMMYFUNCTION("IFERROR(INDEX(FILTER('Candidate Database'!G$4:G$998,'Candidate Database'!U$4:U$998=$C$2),82),"""")"),"") | E87: =IFERROR(__xludf.DUMMYFUNCTION("IFERROR(INDEX(FILTER('Candidate Database'!H$4:H$998,'Candidate Database'!U$4:U$998=$C$2),82),"""")"),"") | F87: =IFERROR(__xludf.DUMMYFUNCTION("IFERROR(INDEX(FILTER('Candidate Database'!R$4:R$998,'Candidate Database'!U$4:U$998=$C$2),82),"""")"),"") | G87: =IFERROR(__xludf.DUMMYFUNCTION("IFERROR(INDEX(FILTER('Candidate Database'!P$4:P$998,'Candidate Database'!U$4:U$998=$C$2),82),"""")"),"")
A88: =IF(COUNTIF('Candidate Database'!U$4:U$998,$C$2)>=83,83,"") | B88: =IFERROR(__xludf.DUMMYFUNCTION("IFERROR(INDEX(FILTER('Candidate Database'!B$4:B$998,'Candidate Database'!U$4:U$998=$C$2),83),"""")"),"") | C88: =IFERROR(__xludf.DUMMYFUNCTION("IFERROR(INDEX(FILTER('Candidate Database'!E$4:E$998,'Candidate Database'!U$4:U$998=$C$2),83),"""")"),"") | D88: =IFERROR(__xludf.DUMMYFUNCTION("IFERROR(INDEX(FILTER('Candidate Database'!G$4:G$998,'Candidate Database'!U$4:U$998=$C$2),83),"""")"),"") | E88: =IFERROR(__xludf.DUMMYFUNCTION("IFERROR(INDEX(FILTER('Candidate Database'!H$4:H$998,'Candidate Database'!U$4:U$998=$C$2),83),"""")"),"") | F88: =IFERROR(__xludf.DUMMYFUNCTION("IFERROR(INDEX(FILTER('Candidate Database'!R$4:R$998,'Candidate Database'!U$4:U$998=$C$2),83),"""")"),"") | G88: =IFERROR(__xludf.DUMMYFUNCTION("IFERROR(INDEX(FILTER('Candidate Database'!P$4:P$998,'Candidate Database'!U$4:U$998=$C$2),83),"""")"),"")
A89: =IF(COUNTIF('Candidate Database'!U$4:U$998,$C$2)>=84,84,"") | B89: =IFERROR(__xludf.DUMMYFUNCTION("IFERROR(INDEX(FILTER('Candidate Database'!B$4:B$998,'Candidate Database'!U$4:U$998=$C$2),84),"""")"),"") | C89: =IFERROR(__xludf.DUMMYFUNCTION("IFERROR(INDEX(FILTER('Candidate Database'!E$4:E$998,'Candidate Database'!U$4:U$998=$C$2),84),"""")"),"") | D89: =IFERROR(__xludf.DUMMYFUNCTION("IFERROR(INDEX(FILTER('Candidate Database'!G$4:G$998,'Candidate Database'!U$4:U$998=$C$2),84),"""")"),"") | E89: =IFERROR(__xludf.DUMMYFUNCTION("IFERROR(INDEX(FILTER('Candidate Database'!H$4:H$998,'Candidate Database'!U$4:U$998=$C$2),84),"""")"),"") | F89: =IFERROR(__xludf.DUMMYFUNCTION("IFERROR(INDEX(FILTER('Candidate Database'!R$4:R$998,'Candidate Database'!U$4:U$998=$C$2),84),"""")"),"") | G89: =IFERROR(__xludf.DUMMYFUNCTION("IFERROR(INDEX(FILTER('Candidate Database'!P$4:P$998,'Candidate Database'!U$4:U$998=$C$2),84),"""")"),"")
A90: =IF(COUNTIF('Candidate Database'!U$4:U$998,$C$2)>=85,85,"") | B90: =IFERROR(__xludf.DUMMYFUNCTION("IFERROR(INDEX(FILTER('Candidate Database'!B$4:B$998,'Candidate Database'!U$4:U$998=$C$2),85),"""")"),"") | C90: =IFERROR(__xludf.DUMMYFUNCTION("IFERROR(INDEX(FILTER('Candidate Database'!E$4:E$998,'Candidate Database'!U$4:U$998=$C$2),85),"""")"),"") | D90: =IFERROR(__xludf.DUMMYFUNCTION("IFERROR(INDEX(FILTER('Candidate Database'!G$4:G$998,'Candidate Database'!U$4:U$998=$C$2),85),"""")"),"") | E90: =IFERROR(__xludf.DUMMYFUNCTION("IFERROR(INDEX(FILTER('Candidate Database'!H$4:H$998,'Candidate Database'!U$4:U$998=$C$2),85),"""")"),"") | F90: =IFERROR(__xludf.DUMMYFUNCTION("IFERROR(INDEX(FILTER('Candidate Database'!R$4:R$998,'Candidate Database'!U$4:U$998=$C$2),85),"""")"),"") | G90: =IFERROR(__xludf.DUMMYFUNCTION("IFERROR(INDEX(FILTER('Candidate Database'!P$4:P$998,'Candidate Database'!U$4:U$998=$C$2),85),"""")"),"")
A91: =IF(COUNTIF('Candidate Database'!U$4:U$998,$C$2)>=86,86,"") | B91: =IFERROR(__xludf.DUMMYFUNCTION("IFERROR(INDEX(FILTER('Candidate Database'!B$4:B$998,'Candidate Database'!U$4:U$998=$C$2),86),"""")"),"") | C91: =IFERROR(__xludf.DUMMYFUNCTION("IFERROR(INDEX(FILTER('Candidate Database'!E$4:E$998,'Candidate Database'!U$4:U$998=$C$2),86),"""")"),"") | D91: =IFERROR(__xludf.DUMMYFUNCTION("IFERROR(INDEX(FILTER('Candidate Database'!G$4:G$998,'Candidate Database'!U$4:U$998=$C$2),86),"""")"),"") | E91: =IFERROR(__xludf.DUMMYFUNCTION("IFERROR(INDEX(FILTER('Candidate Database'!H$4:H$998,'Candidate Database'!U$4:U$998=$C$2),86),"""")"),"") | F91: =IFERROR(__xludf.DUMMYFUNCTION("IFERROR(INDEX(FILTER('Candidate Database'!R$4:R$998,'Candidate Database'!U$4:U$998=$C$2),86),"""")"),"") | G91: =IFERROR(__xludf.DUMMYFUNCTION("IFERROR(INDEX(FILTER('Candidate Database'!P$4:P$998,'Candidate Database'!U$4:U$998=$C$2),86),"""")"),"")
A92: =IF(COUNTIF('Candidate Database'!U$4:U$998,$C$2)>=87,87,"") | B92: =IFERROR(__xludf.DUMMYFUNCTION("IFERROR(INDEX(FILTER('Candidate Database'!B$4:B$998,'Candidate Database'!U$4:U$998=$C$2),87),"""")"),"") | C92: =IFERROR(__xludf.DUMMYFUNCTION("IFERROR(INDEX(FILTER('Candidate Database'!E$4:E$998,'Candidate Database'!U$4:U$998=$C$2),87),"""")"),"") | D92: =IFERROR(__xludf.DUMMYFUNCTION("IFERROR(INDEX(FILTER('Candidate Database'!G$4:G$998,'Candidate Database'!U$4:U$998=$C$2),87),"""")"),"") | E92: =IFERROR(__xludf.DUMMYFUNCTION("IFERROR(INDEX(FILTER('Candidate Database'!H$4:H$998,'Candidate Database'!U$4:U$998=$C$2),87),"""")"),"") | F92: =IFERROR(__xludf.DUMMYFUNCTION("IFERROR(INDEX(FILTER('Candidate Database'!R$4:R$998,'Candidate Database'!U$4:U$998=$C$2),87),"""")"),"") | G92: =IFERROR(__xludf.DUMMYFUNCTION("IFERROR(INDEX(FILTER('Candidate Database'!P$4:P$998,'Candidate Database'!U$4:U$998=$C$2),87),"""")"),"")
A93: =IF(COUNTIF('Candidate Database'!U$4:U$998,$C$2)>=88,88,"") | B93: =IFERROR(__xludf.DUMMYFUNCTION("IFERROR(INDEX(FILTER('Candidate Database'!B$4:B$998,'Candidate Database'!U$4:U$998=$C$2),88),"""")"),"") | C93: =IFERROR(__xludf.DUMMYFUNCTION("IFERROR(INDEX(FILTER('Candidate Database'!E$4:E$998,'Candidate Database'!U$4:U$998=$C$2),88),"""")"),"") | D93: =IFERROR(__xludf.DUMMYFUNCTION("IFERROR(INDEX(FILTER('Candidate Database'!G$4:G$998,'Candidate Database'!U$4:U$998=$C$2),88),"""")"),"") | E93: =IFERROR(__xludf.DUMMYFUNCTION("IFERROR(INDEX(FILTER('Candidate Database'!H$4:H$998,'Candidate Database'!U$4:U$998=$C$2),88),"""")"),"") | F93: =IFERROR(__xludf.DUMMYFUNCTION("IFERROR(INDEX(FILTER('Candidate Database'!R$4:R$998,'Candidate Database'!U$4:U$998=$C$2),88),"""")"),"") | G93: =IFERROR(__xludf.DUMMYFUNCTION("IFERROR(INDEX(FILTER('Candidate Database'!P$4:P$998,'Candidate Database'!U$4:U$998=$C$2),88),"""")"),"")
A94: =IF(COUNTIF('Candidate Database'!U$4:U$998,$C$2)>=89,89,"") | B94: =IFERROR(__xludf.DUMMYFUNCTION("IFERROR(INDEX(FILTER('Candidate Database'!B$4:B$998,'Candidate Database'!U$4:U$998=$C$2),89),"""")"),"") | C94: =IFERROR(__xludf.DUMMYFUNCTION("IFERROR(INDEX(FILTER('Candidate Database'!E$4:E$998,'Candidate Database'!U$4:U$998=$C$2),89),"""")"),"") | D94: =IFERROR(__xludf.DUMMYFUNCTION("IFERROR(INDEX(FILTER('Candidate Database'!G$4:G$998,'Candidate Database'!U$4:U$998=$C$2),89),"""")"),"") | E94: =IFERROR(__xludf.DUMMYFUNCTION("IFERROR(INDEX(FILTER('Candidate Database'!H$4:H$998,'Candidate Database'!U$4:U$998=$C$2),89),"""")"),"") | F94: =IFERROR(__xludf.DUMMYFUNCTION("IFERROR(INDEX(FILTER('Candidate Database'!R$4:R$998,'Candidate Database'!U$4:U$998=$C$2),89),"""")"),"") | G94: =IFERROR(__xludf.DUMMYFUNCTION("IFERROR(INDEX(FILTER('Candidate Database'!P$4:P$998,'Candidate Database'!U$4:U$998=$C$2),89),"""")"),"")
A95: =IF(COUNTIF('Candidate Database'!U$4:U$998,$C$2)>=90,90,"") | B95: =IFERROR(__xludf.DUMMYFUNCTION("IFERROR(INDEX(FILTER('Candidate Database'!B$4:B$998,'Candidate Database'!U$4:U$998=$C$2),90),"""")"),"") | C95: =IFERROR(__xludf.DUMMYFUNCTION("IFERROR(INDEX(FILTER('Candidate Database'!E$4:E$998,'Candidate Database'!U$4:U$998=$C$2),90),"""")"),"") | D95: =IFERROR(__xludf.DUMMYFUNCTION("IFERROR(INDEX(FILTER('Candidate Database'!G$4:G$998,'Candidate Database'!U$4:U$998=$C$2),90),"""")"),"") | E95: =IFERROR(__xludf.DUMMYFUNCTION("IFERROR(INDEX(FILTER('Candidate Database'!H$4:H$998,'Candidate Database'!U$4:U$998=$C$2),90),"""")"),"") | F95: =IFERROR(__xludf.DUMMYFUNCTION("IFERROR(INDEX(FILTER('Candidate Database'!R$4:R$998,'Candidate Database'!U$4:U$998=$C$2),90),"""")"),"") | G95: =IFERROR(__xludf.DUMMYFUNCTION("IFERROR(INDEX(FILTER('Candidate Database'!P$4:P$998,'Candidate Database'!U$4:U$998=$C$2),90),"""")"),"")
A96: =IF(COUNTIF('Candidate Database'!U$4:U$998,$C$2)>=91,91,"") | B96: =IFERROR(__xludf.DUMMYFUNCTION("IFERROR(INDEX(FILTER('Candidate Database'!B$4:B$998,'Candidate Database'!U$4:U$998=$C$2),91),"""")"),"") | C96: =IFERROR(__xludf.DUMMYFUNCTION("IFERROR(INDEX(FILTER('Candidate Database'!E$4:E$998,'Candidate Database'!U$4:U$998=$C$2),91),"""")"),"") | D96: =IFERROR(__xludf.DUMMYFUNCTION("IFERROR(INDEX(FILTER('Candidate Database'!G$4:G$998,'Candidate Database'!U$4:U$998=$C$2),91),"""")"),"") | E96: =IFERROR(__xludf.DUMMYFUNCTION("IFERROR(INDEX(FILTER('Candidate Database'!H$4:H$998,'Candidate Database'!U$4:U$998=$C$2),91),"""")"),"") | F96: =IFERROR(__xludf.DUMMYFUNCTION("IFERROR(INDEX(FILTER('Candidate Database'!R$4:R$998,'Candidate Database'!U$4:U$998=$C$2),91),"""")"),"") | G96: =IFERROR(__xludf.DUMMYFUNCTION("IFERROR(INDEX(FILTER('Candidate Database'!P$4:P$998,'Candidate Database'!U$4:U$998=$C$2),91),"""")"),"")
A97: =IF(COUNTIF('Candidate Database'!U$4:U$998,$C$2)>=92,92,"") | B97: =IFERROR(__xludf.DUMMYFUNCTION("IFERROR(INDEX(FILTER('Candidate Database'!B$4:B$998,'Candidate Database'!U$4:U$998=$C$2),92),"""")"),"") | C97: =IFERROR(__xludf.DUMMYFUNCTION("IFERROR(INDEX(FILTER('Candidate Database'!E$4:E$998,'Candidate Database'!U$4:U$998=$C$2),92),"""")"),"") | D97: =IFERROR(__xludf.DUMMYFUNCTION("IFERROR(INDEX(FILTER('Candidate Database'!G$4:G$998,'Candidate Database'!U$4:U$998=$C$2),92),"""")"),"") | E97: =IFERROR(__xludf.DUMMYFUNCTION("IFERROR(INDEX(FILTER('Candidate Database'!H$4:H$998,'Candidate Database'!U$4:U$998=$C$2),92),"""")"),"") | F97: =IFERROR(__xludf.DUMMYFUNCTION("IFERROR(INDEX(FILTER('Candidate Database'!R$4:R$998,'Candidate Database'!U$4:U$998=$C$2),92),"""")"),"") | G97: =IFERROR(__xludf.DUMMYFUNCTION("IFERROR(INDEX(FILTER('Candidate Database'!P$4:P$998,'Candidate Database'!U$4:U$998=$C$2),92),"""")"),"")
A98: =IF(COUNTIF('Candidate Database'!U$4:U$998,$C$2)>=93,93,"") | B98: =IFERROR(__xludf.DUMMYFUNCTION("IFERROR(INDEX(FILTER('Candidate Database'!B$4:B$998,'Candidate Database'!U$4:U$998=$C$2),93),"""")"),"") | C98: =IFERROR(__xludf.DUMMYFUNCTION("IFERROR(INDEX(FILTER('Candidate Database'!E$4:E$998,'Candidate Database'!U$4:U$998=$C$2),93),"""")"),"") | D98: =IFERROR(__xludf.DUMMYFUNCTION("IFERROR(INDEX(FILTER('Candidate Database'!G$4:G$998,'Candidate Database'!U$4:U$998=$C$2),93),"""")"),"") | E98: =IFERROR(__xludf.DUMMYFUNCTION("IFERROR(INDEX(FILTER('Candidate Database'!H$4:H$998,'Candidate Database'!U$4:U$998=$C$2),93),"""")"),"") | F98: =IFERROR(__xludf.DUMMYFUNCTION("IFERROR(INDEX(FILTER('Candidate Database'!R$4:R$998,'Candidate Database'!U$4:U$998=$C$2),93),"""")"),"") | G98: =IFERROR(__xludf.DUMMYFUNCTION("IFERROR(INDEX(FILTER('Candidate Database'!P$4:P$998,'Candidate Database'!U$4:U$998=$C$2),93),"""")"),"")
A99: =IF(COUNTIF('Candidate Database'!U$4:U$998,$C$2)>=94,94,"") | B99: =IFERROR(__xludf.DUMMYFUNCTION("IFERROR(INDEX(FILTER('Candidate Database'!B$4:B$998,'Candidate Database'!U$4:U$998=$C$2),94),"""")"),"") | C99: =IFERROR(__xludf.DUMMYFUNCTION("IFERROR(INDEX(FILTER('Candidate Database'!E$4:E$998,'Candidate Database'!U$4:U$998=$C$2),94),"""")"),"") | D99: =IFERROR(__xludf.DUMMYFUNCTION("IFERROR(INDEX(FILTER('Candidate Database'!G$4:G$998,'Candidate Database'!U$4:U$998=$C$2),94),"""")"),"") | E99: =IFERROR(__xludf.DUMMYFUNCTION("IFERROR(INDEX(FILTER('Candidate Database'!H$4:H$998,'Candidate Database'!U$4:U$998=$C$2),94),"""")"),"") | F99: =IFERROR(__xludf.DUMMYFUNCTION("IFERROR(INDEX(FILTER('Candidate Database'!R$4:R$998,'Candidate Database'!U$4:U$998=$C$2),94),"""")"),"") | G99: =IFERROR(__xludf.DUMMYFUNCTION("IFERROR(INDEX(FILTER('Candidate Database'!P$4:P$998,'Candidate Database'!U$4:U$998=$C$2),94),"""")"),"")
A100: =IF(COUNTIF('Candidate Database'!U$4:U$998,$C$2)>=95,95,"") | B100: =IFERROR(__xludf.DUMMYFUNCTION("IFERROR(INDEX(FILTER('Candidate Database'!B$4:B$998,'Candidate Database'!U$4:U$998=$C$2),95),"""")"),"") | C100: =IFERROR(__xludf.DUMMYFUNCTION("IFERROR(INDEX(FILTER('Candidate Database'!E$4:E$998,'Candidate Database'!U$4:U$998=$C$2),95),"""")"),"") | D100: =IFERROR(__xludf.DUMMYFUNCTION("IFERROR(INDEX(FILTER('Candidate Database'!G$4:G$998,'Candidate Database'!U$4:U$998=$C$2),95),"""")"),"") | E100: =IFERROR(__xludf.DUMMYFUNCTION("IFERROR(INDEX(FILTER('Candidate Database'!H$4:H$998,'Candidate Database'!U$4:U$998=$C$2),95),"""")"),"") | F100: =IFERROR(__xludf.DUMMYFUNCTION("IFERROR(INDEX(FILTER('Candidate Database'!R$4:R$998,'Candidate Database'!U$4:U$998=$C$2),95),"""")"),"") | G100: =IFERROR(__xludf.DUMMYFUNCTION("IFERROR(INDEX(FILTER('Candidate Database'!P$4:P$998,'Candidate Database'!U$4:U$998=$C$2),95),"""")"),"")
A101: =IF(COUNTIF('Candidate Database'!U$4:U$998,$C$2)>=96,96,"") | B101: =IFERROR(__xludf.DUMMYFUNCTION("IFERROR(INDEX(FILTER('Candidate Database'!B$4:B$998,'Candidate Database'!U$4:U$998=$C$2),96),"""")"),"") | C101: =IFERROR(__xludf.DUMMYFUNCTION("IFERROR(INDEX(FILTER('Candidate Database'!E$4:E$998,'Candidate Database'!U$4:U$998=$C$2),96),"""")"),"") | D101: =IFERROR(__xludf.DUMMYFUNCTION("IFERROR(INDEX(FILTER('Candidate Database'!G$4:G$998,'Candidate Database'!U$4:U$998=$C$2),96),"""")"),"") | E101: =IFERROR(__xludf.DUMMYFUNCTION("IFERROR(INDEX(FILTER('Candidate Database'!H$4:H$998,'Candidate Database'!U$4:U$998=$C$2),96),"""")"),"") | F101: =IFERROR(__xludf.DUMMYFUNCTION("IFERROR(INDEX(FILTER('Candidate Database'!R$4:R$998,'Candidate Database'!U$4:U$998=$C$2),96),"""")"),"") | G101: =IFERROR(__xludf.DUMMYFUNCTION("IFERROR(INDEX(FILTER('Candidate Database'!P$4:P$998,'Candidate Database'!U$4:U$998=$C$2),96),"""")"),"")
...

Sheet Sheet1
A1: # | B1: Candidate Name | C1: Role | D1: Current Salary | E1: Expected Salary | F1: CV Link | G1: Binge Screening Remarks | H1: Status

Sheet Sheet2
A1: # | B1: Candidate Name | C1: Role | D1: Current Salary | E1: Expected Salary | F1: CV Link | G1: Binge Screening Remarks | H1: Status
A2: 1 | B2: Shreetej Kapdekar | C2: Asst Cafe Manager | D2: 50K | F2: Shreetej-Kapdekar-Resume-2025 (1).pdf | H2: Interview Pending
A3: 2 | B3: Vrushank Vernekar | C3: Assistant Outlet Manager | D3: 40K | F3: Vrushank CV digital .pdf
A4: 3 | B4: Kaif Shaikh | C4: Barback | D4: 25k | F4: KAIF SHAIKH CV (1).pdf
